File,Line,Index,Context
wiki\1910_in_literature.html,115,27,"i/1910_in_science"" ti"
wiki\1910_in_literature.html,115,51,"=""1910 in science"">Sc"
wiki\1910_in_literature.html,115,60," science"">Science</a>"
wiki\1910_in_literature.html,253,133,/wiki/The_Science_of_
wiki\1910_in_literature.html,253,169,"itle=""The Science of "
wiki\1910_in_literature.html,253,198,"Rich"">The Science of "
wiki\1910_in_literature.html,280,162,"ef=""/wiki/Science_fic"
wiki\1910_in_literature.html,280,186,"n"" title=""Science fic"
wiki\1910_in_literature.html,280,203," fiction"">science fic"
wiki\83_(number).html,136,49,"href=""#In_science""><s"
wiki\83_(number).html,136,116,"ctext"">In science</sp"
wiki\83_(number).html,167,37,"e"" id=""In_science"">In"
wiki\83_(number).html,167,49,"ience"">In science</sp"
wiki\83_(number).html,167,232,"ction: In science"">ed"
wiki\Acceptance_(Heroes).html,117,127,"ef=""/wiki/Science_fic"
wiki\Acceptance_(Heroes).html,117,151,"n"" title=""Science fic"
wiki\Acceptance_(Heroes).html,117,168," fiction"">science fic"
wiki\Alex_Kurtzman.html,92,2161,"ef=""/wiki/Science-fic"
wiki\Alex_Kurtzman.html,92,2205,"t"" title=""Science-fic"
wiki\Alex_Kurtzman.html,92,2222,"-fiction"">science-fic"
wiki\AlMidan.html,277,48,rsity_for_Science_and
wiki\AlMidan.html,277,108,rsity for Science and
wiki\AlMidan.html,277,161,rsity for Science and
wiki\AlMidan.html,281,48,r_Applied_Science_and
wiki\AlMidan.html,281,128,r Applied Science and
wiki\AlMidan.html,281,181,r Applied Science and
wiki\Amborella.html,251,241, National Science Fou
wiki\Amborella.html,341,331,ttp://www.sciencedire
wiki\Amborella.html,341,349,irect.com/science/boo
wiki\Amborella.html,341,681,%2F%2Fwww.sciencedire
wiki\Amborella.html,341,701,ect.com%2Fscience%2Fb
wiki\Amborella.html,342,309,s/pacific_science/v05
wiki\Amborella.html,342,548,i>Pacific Science</i>
wiki\Amborella.html,342,1296,2Fpacific_science%2Fv
wiki\Amborella.html,342,1418,e=Pacific+Science&amp
wiki\Amborella.html,345,574, of Plant Sciences</i
wiki\Amborella.html,345,1214,+of+Plant+Sciences&am
wiki\Amborella.html,347,353, of Plant Sciences</i
wiki\Amborella.html,347,1071,+of+Plant+Sciences&am
wiki\Amborella.html,362,464,"</i>"". <i>Science</i>"
wiki\Amborella.html,362,660,10.1126%2Fscience.124
wiki\Amborella.html,362,685,""">10.1126/science.124"
wiki\Amborella.html,362,1524,10.1126%2Fscience.124
wiki\Amborella.html,362,1608,ft.jtitle=Science&amp
wiki\Amborella.html,369,206, of Plant Science</i>
wiki\Amborella.html,369,827,+of+Plant+Science&amp
wiki\Amborella.html,383,179,(National Science Fou
wiki\Antibiotic_use_in_livestock.html,103,744,ology and science all
wiki\Antibiotic_use_in_livestock.html,302,531,entre for Science and
wiki\Antibiotic_use_in_livestock.html,348,273,of Animal Science 85 
wiki\Antibiotic_use_in_livestock.html,350,347,al/health-science/fda
wiki\Antibiotic_use_in_livestock.html,350,962,%2Fhealth-science%2Ff
wiki\Antibiotic_use_in_livestock.html,367,299,"hina"". <i>Science of "
wiki\Antibiotic_use_in_livestock.html,367,1244,ft.jtitle=Science+of+
wiki\Antibiotic_use_in_livestock.html,376,262,rdian.com/science/201
wiki\Antibiotic_use_in_livestock.html,376,865,ian.com%2Fscience%2F2
wiki\Antibiotic_use_in_livestock.html,401,211,enter for Science in 
wiki\Antibiotic_use_in_livestock.html,425,289,011-11-25/science/304
wiki\Antibiotic_use_in_livestock.html,425,891,1-11-25%2Fscience%2F3
wiki\Antibiotic_use_in_livestock.html,427,246,entre For Science and
wiki\Antibiotic_use_in_livestock.html,427,296,entre for Science and
wiki\Antibiotic_use_in_livestock.html,427,575,entre+For+Science+and
wiki\Antibiotic_use_in_livestock.html,427,739,entre+for+Science+and
wiki\Antibiotic_use_in_livestock.html,433,289,/programs/scienceshow
wiki\Antibiotic_use_in_livestock.html,433,434,and – The Science Sho
wiki\Antibiotic_use_in_livestock.html,433,758,d+%93+The+Science+Sho
wiki\Antibiotic_use_in_livestock.html,433,955,rograms%2Fscienceshow
wiki\Antibiotic_use_in_livestock.html,434,458,cademy of Sciences 13
wiki\Antibiotic_use_in_livestock.html,435,334,. Poultry Science 90 
wiki\Antibiotic_use_in_livestock.html,436,444,> Poultry Science 14:
wiki\Antibiotic_use_in_livestock.html,438,239,. Poultry Science 82(
wiki\Anton_von_Troeltsch.html,68,14,e studied sciences at
wiki\Apocephalus_borealis.html,194,526,"iological_Sciences,Sa"
wiki\Apocephalus_borealis.html,194,642,"iological Sciences,Sa"
wiki\Apocephalus_borealis.html,194,731,"iological Sciences,Sa"
wiki\Apocephalus_borealis.html,196,227,//www.livescience.com
wiki\Apocephalus_borealis.html,196,323,"ies | LiveScience""</a"
wiki\Apocephalus_borealis.html,196,550,s+%7C+LiveScience&amp
wiki\Apocephalus_borealis.html,196,612,2Fwww.livescience.com
wiki\Apocephalus_borealis.html,208,109,a citizen science pro
wiki\Apocephalus_borealis.html,208,261, for Life Sciences an
wiki\Appa_(film).html,165,545,st his conscience and
wiki\Arun_K._Pati.html,6,675,"cademy of Sciences"","""
wiki\Arun_K._Pati.html,105,340,"cademy of Science, Ba"
wiki\Arun_K._Pati.html,105,426,"cademy of Sciences, I"
wiki\Arun_K._Pati.html,105,663,"ef=""/wiki/Science_(ma"
wiki\Arun_K._Pati.html,105,690,")"" title=""Science (ma"
wiki\Arun_K._Pati.html,105,710,"agazine)"">Science</a>"
wiki\Arun_K._Pati.html,122,181,tps://www.sciencedail
wiki\Arun_K._Pati.html,122,245,tps://www.sciencedail
wiki\Arun_K._Pati.html,125,367,"cademy_of_Sciences,_I"
wiki\Arun_K._Pati.html,125,435,"cademy of Sciences, I"
wiki\Arun_K._Pati.html,125,476,"cademy of Sciences, I"
wiki\Arun_K._Pati.html,125,766,cademy+of+Sciences%2C
wiki\Arun_K._Pati.html,188,885,"my_of_Sciences"" title"
wiki\Arun_K._Pati.html,188,944,"my of Sciences"">Fello"
wiki\Arun_K._Pati.html,188,987,my of Sciences</a></l
wiki\Bias.html,53,6,<p>In science and
wiki\Bias.html,116,432,"""cite_ref-ScienceDail"
wiki\Bias.html,116,489,cite_note-ScienceDail
wiki\Bias.html,136,153,"g_(social_sciences)"" "
wiki\Bias.html,136,187,"g (social sciences)"">"
wiki\Bias.html,136,214,g (social sciences)</
wiki\Bias.html,192,34,"erimental_science"" cl"
wiki\Bias.html,192,83,"erimental science"">sc"
wiki\Bias.html,192,92," science"">science res"
wiki\Bias.html,211,108,"h"">social science res"
wiki\Bias.html,253,253,"ses."". <i>Science</i>"
wiki\Bias.html,253,449,10.1126%2Fscience.185
wiki\Bias.html,253,480,""">10.1126/science.185"
wiki\Bias.html,253,982,10.1126%2Fscience.185
wiki\Bias.html,253,1072,ft.jtitle=Science&amp
wiki\Bias.html,256,18,cite_note-ScienceDail
wiki\Bias.html,256,88,#cite_ref-ScienceDail
wiki\Bias.html,256,241,ttp://www.sciencedail
wiki\Bias.html,256,320,"ing""</a>. Science Dai"
wiki\Bias.html,256,621,%2F%2Fwww.sciencedail
wiki\Bias.html,258,448,span>. <i>Science</i>
wiki\Bias.html,258,644,10.1126%2Fscience.185
wiki\Bias.html,258,675,""">10.1126/science.185"
wiki\Bias.html,258,1282,10.1126%2Fscience.185
wiki\Bias.html,258,1372,ft.jtitle=Science&amp
wiki\Bias.html,261,262,rdian.com/science/pun
wiki\Bias.html,261,785,ian.com%2Fscience%2Fp
wiki\Bias.html,310,500,"span>. <i>Science, Te"
wiki\Bias.html,310,1204,ft.jtitle=Science%2C+
wiki\Bias.html,311,200,nfluence: Science and
wiki\Bias.html,311,628,luence%3A+Science+and
wiki\Bias.html,330,294,and Brain Sciences</i
wiki\Bias.html,330,1108,and+Brain+Sciences&am
wiki\Bias.html,332,396, Studies: Science or 
wiki\Bias.html,332,964,tudies%3A+Science+or+
wiki\Bias.html,385,139,Political Science</i>
wiki\Bias.html,385,586,Political+Science&amp
wiki\Blue_SWAT.html,6,600,"""Japanese science fic"
wiki\Blue_SWAT.html,491,465,anese_science_fiction
wiki\Blue_SWAT.html,491,525,anese science fiction
wiki\Blue_SWAT.html,491,569,anese science fiction
wiki\C389cole_des_Mines_de_Douai.html,118,38,"materials science, co"
wiki\C389cole_des_Mines_de_Douai.html,322,43,ional_des_sciences_et
wiki\C389cole_des_Mines_de_Douai.html,322,112,ional des sciences et
wiki\C389cole_des_Mines_de_Douai.html,322,169,ional des sciences et
wiki\C389cole_des_Mines_de_Douai.html,329,131,"de Paris"">Sciences Po"
wiki\C389cole_des_Mines_de_Douai.html,330,131,"de Lille"">Sciences Po"
wiki\C389cole_des_Mines_de_Douai.html,357,991,ersity_of_Science_and
wiki\C389cole_des_Mines_de_Douai.html,357,1044,ersity of Science and
wiki\C389cole_des_Mines_de_Douai.html,357,1090,ersity of Science and
wiki\C389cole_des_Mines_de_Douai.html,514,50,ieure_des_Sciences_et
wiki\C389cole_des_Mines_de_Douai.html,514,155,ieure des Sciences et
wiki\C389cole_des_Mines_de_Douai.html,547,41,ional_des_sciences_ap
wiki\C389cole_des_Mines_de_Douai.html,547,96,ional des sciences ap
wiki\C389cole_des_Mines_de_Douai.html,549,41,ional_des_sciences_ap
wiki\C389cole_des_Mines_de_Douai.html,549,104,ional des sciences ap
wiki\C389cole_des_Mines_de_Douai.html,550,41,ional_des_sciences_ap
wiki\C389cole_des_Mines_de_Douai.html,550,106,ional des sciences ap
wiki\C389cole_des_Mines_de_Douai.html,551,41,ional_des_sciences_ap
wiki\C389cole_des_Mines_de_Douai.html,551,105,ional des sciences ap
wiki\C389cole_des_Mines_de_Douai.html,552,41,ional_des_sciences_ap
wiki\C389cole_des_Mines_de_Douai.html,552,130,ional des sciences ap
wiki\C389cole_des_Mines_de_Douai.html,553,41,ional_des_sciences_ap
wiki\C389cole_des_Mines_de_Douai.html,553,108,ional des sciences ap
wiki\C389cole_des_Mines_de_Douai.html,643,50,ieure_des_sciences_co
wiki\C389cole_des_Mines_de_Douai.html,643,112,ieure des sciences co
wiki\C389cole_des_Mines_de_Douai.html,677,68,ettres_et_sciences_hu
wiki\C389cole_des_Mines_de_Douai.html,677,133,ettres et sciences hu
wiki\C389cole_des_Mines_de_Douai.html,735,35,"3%A8re_en_sciences"" t"
wiki\C389cole_des_Mines_de_Douai.html,735,63,"astère en sciences"">M"
wiki\C389cole_des_Mines_de_Douai.html,1070,39,ersity_of_Science_and
wiki\C389cole_des_Mines_de_Douai.html,1070,90,ersity of Science and
wiki\C389cole_des_Mines_de_Douai.html,1070,134,ersity of Science and
wiki\C389cole_des_Mines_de_Douai.html,1081,176,"s, social sciences, l"
wiki\C389cole_des_Mines_de_Douai.html,1124,12,gineering Sciences</t
wiki\C389cole_des_Mines_de_Douai.html,1128,286,ersity_of_Science_and
wiki\C389cole_des_Mines_de_Douai.html,1128,337,ersity of Science and
wiki\C389cole_des_Mines_de_Douai.html,1130,320,ersity_of_Science_and
wiki\C389cole_des_Mines_de_Douai.html,1130,371,ersity of Science and
wiki\C389cole_des_Mines_de_Douai.html,1132,249,ersity_of_Science_and
wiki\C389cole_des_Mines_de_Douai.html,1132,300,ersity of Science and
wiki\C389cole_des_Mines_de_Douai.html,1138,222,ersity_of_Science_and
wiki\C389cole_des_Mines_de_Douai.html,1138,273,ersity of Science and
wiki\C389cole_des_Mines_de_Douai.html,1142,199,ersity_of_Science_and
wiki\C389cole_des_Mines_de_Douai.html,1142,250,ersity of Science and
wiki\C389cole_des_Mines_de_Douai.html,1145,98,ersity_of_Science_and
wiki\C389cole_des_Mines_de_Douai.html,1145,149,ersity of Science and
wiki\C389cole_des_Mines_de_Douai.html,1158,0,Science of 
wiki\C389cole_des_Mines_de_Douai.html,1164,268,ersity_of_Science_and
wiki\C389cole_des_Mines_de_Douai.html,1164,319,ersity of Science and
wiki\C389cole_des_Mines_de_Douai.html,1166,97,ersity_of_Science_and
wiki\C389cole_des_Mines_de_Douai.html,1166,148,ersity of Science and
wiki\C389cole_des_Mines_de_Douai.html,1168,99,ersity_of_Science_and
wiki\C389cole_des_Mines_de_Douai.html,1168,150,ersity of Science and
wiki\C389cole_des_Mines_de_Douai.html,1169,113,ersity_of_Science_and
wiki\C389cole_des_Mines_de_Douai.html,1169,164,ersity of Science and
wiki\C389cole_des_Mines_de_Douai.html,1170,98,ersity_of_Science_and
wiki\C389cole_des_Mines_de_Douai.html,1170,149,ersity of Science and
wiki\C389cole_des_Mines_de_Douai.html,1171,112,ersity_of_Science_and
wiki\C389cole_des_Mines_de_Douai.html,1171,163,ersity of Science and
wiki\C389cole_des_Mines_de_Douai.html,1172,110,ersity_of_Science_and
wiki\C389cole_des_Mines_de_Douai.html,1172,161,ersity of Science and
wiki\C389cole_des_Mines_de_Douai.html,1174,107,ersity_of_Science_and
wiki\C389cole_des_Mines_de_Douai.html,1174,158,ersity of Science and
wiki\C389cole_des_Mines_de_Douai.html,1175,82,ersity_of_Science_and
wiki\C389cole_des_Mines_de_Douai.html,1175,133,ersity of Science and
wiki\C389cole_des_Mines_de_Douai.html,1178,104,ersity_of_Science_and
wiki\C389cole_des_Mines_de_Douai.html,1178,155,ersity of Science and
wiki\C389cole_des_Mines_de_Douai.html,1180,89,ersity_of_Science_and
wiki\C389cole_des_Mines_de_Douai.html,1180,140,ersity of Science and
wiki\C389cole_des_Mines_de_Douai.html,1185,73,ersity_of_Science_and
wiki\C389cole_des_Mines_de_Douai.html,1185,124,ersity of Science and
wiki\C389cole_des_Mines_de_Douai.html,1186,116,ersity_of_Science_and
wiki\C389cole_des_Mines_de_Douai.html,1186,167,ersity of Science and
wiki\C389cole_des_Mines_de_Douai.html,1188,45, et de Géosciences (L
wiki\C389cole_des_Mines_de_Douai.html,1188,96,ersity_of_Science_and
wiki\C389cole_des_Mines_de_Douai.html,1188,147,ersity of Science and
wiki\C389cole_des_Mines_de_Douai.html,1189,104,ersity_of_Science_and
wiki\C389cole_des_Mines_de_Douai.html,1189,155,ersity of Science and
wiki\C389cole_des_Mines_de_Douai.html,1190,118,ersity_of_Science_and
wiki\C389cole_des_Mines_de_Douai.html,1190,169,ersity of Science and
wiki\C389cole_des_Mines_de_Douai.html,1191,117,ersity_of_Science_and
wiki\C389cole_des_Mines_de_Douai.html,1191,168,ersity of Science and
wiki\C389cole_des_Mines_de_Douai.html,1225,85,ersity_of_Science_and
wiki\C389cole_des_Mines_de_Douai.html,1225,136,ersity of Science and
wiki\C389cole_des_Mines_de_Douai.html,1229,19,52 - Neurosciences et
wiki\C389cole_des_Mines_de_Douai.html,1229,91,ersity_of_Science_and
wiki\C389cole_des_Mines_de_Douai.html,1229,142,ersity of Science and
wiki\C389cole_des_Mines_de_Douai.html,1230,82,ersity_of_Science_and
wiki\C389cole_des_Mines_de_Douai.html,1230,133,ersity of Science and
wiki\C389cole_des_Mines_de_Douai.html,1244,86,ersity_of_Science_and
wiki\C389cole_des_Mines_de_Douai.html,1244,137,ersity of Science and
wiki\C389cole_des_Mines_de_Douai.html,1248,92,ersity_of_Science_and
wiki\C389cole_des_Mines_de_Douai.html,1248,143,ersity of Science and
wiki\C389cole_des_Mines_de_Douai.html,1250,25,60 - Neuroscience fon
wiki\C389cole_des_Mines_de_Douai.html,1252,99,ersity_of_Science_and
wiki\C389cole_des_Mines_de_Douai.html,1252,150,ersity of Science and
wiki\C389cole_des_Mines_de_Douai.html,1270,85,ersity_of_Science_and
wiki\C389cole_des_Mines_de_Douai.html,1270,136,ersity of Science and
wiki\C389cole_des_Mines_de_Douai.html,1272,67,ersity_of_Science_and
wiki\C389cole_des_Mines_de_Douai.html,1272,118,ersity of Science and
wiki\C389cole_des_Mines_de_Douai.html,1273,21,"économie, sciences de"
wiki\C389cole_des_Mines_de_Douai.html,1275,20,"économie, sciences de"
wiki\C389cole_des_Mines_de_Douai.html,1277,14,LEM-FUPL (sciences de
wiki\C389cole_des_Mines_de_Douai.html,1277,81,ersity_of_Science_and
wiki\C389cole_des_Mines_de_Douai.html,1277,132,ersity of Science and
wiki\C389cole_des_Mines_de_Douai.html,1279,79,ersity_of_Science_and
wiki\C389cole_des_Mines_de_Douai.html,1279,130,ersity of Science and
wiki\C389cole_des_Mines_de_Douai.html,1280,90,ersity_of_Science_and
wiki\C389cole_des_Mines_de_Douai.html,1280,141,ersity of Science and
wiki\C389cole_des_Mines_de_Douai.html,1291,7,Social Sciences<br
wiki\C389cole_des_Mines_de_Douai.html,1304,11,"li>CIREL, Sciences de"
wiki\C389cole_des_Mines_de_Douai.html,1304,71,ersity_of_Science_and
wiki\C389cole_des_Mines_de_Douai.html,1304,122,ersity of Science and
wiki\C389cole_des_Mines_de_Douai.html,1311,25,toire des sciences de
wiki\C389cole_des_Mines_de_Douai.html,1331,10,Political Science<br 
wiki\C389cole_des_Mines_de_Douai.html,1335,170,de Lille (Sciences Po
wiki\C389cole_des_Mines_de_Douai.html,1348,19,atoire de sciences so
wiki\Campus_of_Texas_A26M_University.html,94,66,6M_Health_Science_Cen
wiki\Campus_of_Texas_A26M_University.html,94,160,;M Health Science Cen
wiki\Campus_of_Texas_A26M_University.html,162,78,U_ID_Life_Sciences.JP
wiki\Campus_of_Texas_A26M_University.html,162,188,U_ID_Life_Sciences.JP
wiki\Campus_of_Texas_A26M_University.html,162,220,U_ID_Life_Sciences.JP
wiki\Campus_of_Texas_A26M_University.html,162,351,U_ID_Life_Sciences.JP
wiki\Campus_of_Texas_A26M_University.html,162,383,U_ID_Life_Sciences.JP
wiki\Campus_of_Texas_A26M_University.html,162,467,U_ID_Life_Sciences.JP
wiki\Campus_of_Texas_A26M_University.html,162,499,U_ID_Life_Sciences.JP
wiki\Campus_of_Texas_A26M_University.html,164,54,U_ID_Life_Sciences.JP
wiki\Campus_of_Texas_A26M_University.html,165,23,nary Life Sciences bu
wiki\Campus_of_Texas_A26M_University.html,169,242,"wiki/Life_Sciences"" c"
wiki\Campus_of_Texas_A26M_University.html,169,284,"tle=""Life Sciences"">L"
wiki\Campus_of_Texas_A26M_University.html,169,299,"ces"">Life Sciences</a"
wiki\Campus_of_Texas_A26M_University.html,169,1188,;M Health Science Cen
wiki\Campus_of_Texas_A26M_University.html,173,437,"ollege_of_Science"" ti"
wiki\Campus_of_Texas_A26M_University.html,173,478,"ollege of Science"">Co"
wiki\Campus_of_Texas_A26M_University.html,173,498,ollege of Sciences</a
wiki\Campus_of_Texas_A26M_University.html,173,924,"ege_of_Geosciences"" t"
wiki\Campus_of_Texas_A26M_University.html,173,969,"ege of Geosciences"">C"
wiki\Campus_of_Texas_A26M_University.html,173,993,ege of Geosciences</a
wiki\Campus_of_Texas_A26M_University.html,186,110,"iomedical_Sciences"" t"
wiki\Campus_of_Texas_A26M_University.html,186,189,"iomedical Sciences"">C"
wiki\Campus_of_Texas_A26M_University.html,186,276,6M_Health_Science_Cen
wiki\Campus_of_Texas_A26M_University.html,186,320,;M Health Science Cen
wiki\Campus_of_Texas_A26M_University.html,186,343,"r"">Health Science Cen"
wiki\Campus_of_Texas_A26M_University.html,186,565,"ollege of Sciences, t"
wiki\Campus_of_Texas_A26M_University.html,186,660,"_and_Life_Sciences"" t"
wiki\Campus_of_Texas_A26M_University.html,186,723," and Life Sciences"">C"
wiki\Campus_of_Texas_A26M_University.html,186,765, and Life Sciences</a
wiki\Campus_of_Texas_A26M_University.html,186,1181,e Medical Sciences Li
wiki\Campus_of_Texas_A26M_University.html,256,179,"mospheric sciences, a"
wiki\Campus_of_Texas_A26M_University.html,314,107,6M_Health_Science_Cen
wiki\Campus_of_Texas_A26M_University.html,314,151,;M Health Science Cen
wiki\Campus_of_Texas_A26M_University.html,314,188,;M Health Science Cen
wiki\Campus_of_Texas_A26M_University.html,315,53,6M_Health_Science_Cen
wiki\Campus_of_Texas_A26M_University.html,315,90,;M Health Science Cen
wiki\Campus_of_Texas_A26M_University.html,315,320,;M Health Science Cen
wiki\Campus_of_Texas_A26M_University.html,316,81,6M_Health_Science_Cen
wiki\Campus_of_Texas_A26M_University.html,316,125,;M Health Science Cen
wiki\Campus_of_Texas_A26M_University.html,316,162,;M Health Science Cen
wiki\Campus_of_Texas_A26M_University.html,317,28,;M Health Science cen
wiki\Campus_of_Texas_A26M_University.html,317,116,;M Health Science Cen
wiki\Campus_of_Texas_A26M_University.html,320,42,6M_Health_Science_Cen
wiki\Campus_of_Texas_A26M_University.html,320,106,;M Health Science Cen
wiki\Campus_of_Texas_A26M_University.html,321,42,6M_Health_Science_Cen
wiki\Campus_of_Texas_A26M_University.html,321,87,"iomedical_Sciences"" t"
wiki\Campus_of_Texas_A26M_University.html,321,125,;M Health Science Cen
wiki\Campus_of_Texas_A26M_University.html,321,170,"iomedical Sciences"">G"
wiki\Campus_of_Texas_A26M_University.html,321,210,iomedical Sciences</a
wiki\Campus_of_Texas_A26M_University.html,322,42,6M_Health_Science_Cen
wiki\Campus_of_Texas_A26M_University.html,322,136,;M Health Science Cen
wiki\Campus_of_Texas_A26M_University.html,323,42,6M_Health_Science_Cen
wiki\Campus_of_Texas_A26M_University.html,323,144,;M Health Science Cen
wiki\Campus_of_Texas_A26M_University.html,324,42,6M_Health_Science_Cen
wiki\Campus_of_Texas_A26M_University.html,324,105,;M Health Science Cen
wiki\Campus_of_Texas_A26M_University.html,326,63,ute_of_Biosciences_an
wiki\Campus_of_Texas_A26M_University.html,326,111,ute of Biosciences an
wiki\Campus_of_Texas_A26M_University.html,326,152,ute of Biosciences an
wiki\Campus_of_Texas_A26M_University.html,359,341,;M Health Science Cen
wiki\Campus_of_Texas_A26M_University.html,359,834,6M+Health+Science+Cen
wiki\Campus_of_Texas_A26M_University.html,360,336,22/health-science-cen
wiki\Campus_of_Texas_A26M_University.html,360,437,;M Health Science cen
wiki\Campus_of_Texas_A26M_University.html,360,558,22/health-science-cen
wiki\Campus_of_Texas_A26M_University.html,360,1050,%2Fhealth-science-cen
wiki\Campus_of_Texas_A26M_University.html,360,1125,6M+Health+Science+cen
wiki\Campus_of_Texas_A26M_University.html,406,251,http://geosciences.ta
wiki\Campus_of_Texas_A26M_University.html,406,306,ege of Geosciences – 
wiki\Campus_of_Texas_A26M_University.html,406,373,ege of Geosciences. A
wiki\Campus_of_Texas_A26M_University.html,406,453,http://geosciences.ta
wiki\Campus_of_Texas_A26M_University.html,406,673,ege+of+Geosciences+%9
wiki\Campus_of_Texas_A26M_University.html,406,746,A%2F%2Fgeosciences.ta
wiki\Campus_of_Texas_A26M_University.html,406,838,ege+of+Geosciences&am
wiki\Campus_of_Texas_A26M_University.html,500,63,"_and_Life_Sciences"" t"
wiki\Campus_of_Texas_A26M_University.html,500,126," and Life Sciences"">A"
wiki\Campus_of_Texas_A26M_University.html,500,157, and Life Sciences</a
wiki\Campus_of_Texas_A26M_University.html,505,45,"ege_of_Geosciences"" t"
wiki\Campus_of_Texas_A26M_University.html,505,90,"ege of Geosciences"">G"
wiki\Campus_of_Texas_A26M_University.html,505,103,"ences"">Geosciences</a"
wiki\Campus_of_Texas_A26M_University.html,509,42,"ollege_of_Science"" ti"
wiki\Campus_of_Texas_A26M_University.html,509,83,"ollege of Science"">Sc"
wiki\Campus_of_Texas_A26M_University.html,509,92," Science"">Science</a>"
wiki\Campus_of_Texas_A26M_University.html,510,77,"iomedical_Sciences"" t"
wiki\Campus_of_Texas_A26M_University.html,510,156,"iomedical Sciences"">V"
wiki\Campus_of_Texas_A26M_University.html,510,203,iomedical Sciences</a
wiki\Campus_of_Texas_A26M_University.html,519,117,6M_Health_Science_Cen
wiki\Campus_of_Texas_A26M_University.html,519,161,;M Health Science Cen
wiki\Campus_of_Texas_A26M_University.html,519,210,"e"">Health Science Cen"
wiki\Campus_of_Texas_A26M_University.html,524,38,6M_Health_Science_Cen
wiki\Campus_of_Texas_A26M_University.html,524,102,;M Health Science Cen
wiki\Campus_of_Texas_A26M_University.html,525,38,6M_Health_Science_Cen
wiki\Campus_of_Texas_A26M_University.html,525,83,"iomedical_Sciences"" t"
wiki\Campus_of_Texas_A26M_University.html,525,121,;M Health Science Cen
wiki\Campus_of_Texas_A26M_University.html,525,166,"iomedical Sciences"">G"
wiki\Campus_of_Texas_A26M_University.html,525,206,iomedical Sciences</a
wiki\Campus_of_Texas_A26M_University.html,526,38,6M_Health_Science_Cen
wiki\Campus_of_Texas_A26M_University.html,526,132,;M Health Science Cen
wiki\Campus_of_Texas_A26M_University.html,528,38,6M_Health_Science_Cen
wiki\Campus_of_Texas_A26M_University.html,528,101,;M Health Science Cen
wiki\Campus_of_Texas_A26M_University.html,529,35,ute_of_Biosciences_an
wiki\Campus_of_Texas_A26M_University.html,529,83,ute of Biosciences an
wiki\Campus_of_Texas_A26M_University.html,529,124,ute of Biosciences an
wiki\Camp_Liberty_killings.html,120,38,view with science jou
wiki\Carley_State_Park.html,311,41,Ecosystem_Science_Res
wiki\Carley_State_Park.html,311,87,Ecosystem Science Res
wiki\Carley_State_Park.html,311,126,Ecosystem Science Res
wiki\Carthage_Cincinnati.html,437,50,"_Mortuary_Science"" ti"
wiki\Carthage_Cincinnati.html,437,97," Mortuary Science"">Ci"
wiki\Carthage_Cincinnati.html,437,137, Mortuary Science</a>
wiki\Central_Luzon.html,214,706,"ef=""/wiki/Science_Cit"
wiki\Central_Luzon.html,214,761,"t"" title=""Science Cit"
wiki\Central_Luzon.html,606,741, Springer Science &am
wiki\Central_Luzon.html,606,1591,=Springer+Science+%26
wiki\Checkerspot_(magazine).html,6,763,"e stubs"",""Science and"
wiki\Checkerspot_(magazine).html,79,12,d><i>This science and
wiki\Checkerspot_(magazine).html,124,1734,egory:Science_and_tec
wiki\Checkerspot_(magazine).html,124,1789,egory:Science and tec
wiki\Checkerspot_(magazine).html,124,1828,"tubs"">Science and tec"
wiki\Chestnut_pie.html,107,466,nd men of science</i>
wiki\Chestnut_pie.html,107,883,nd+men+of+science&amp
wiki\Chief_Justice_of_New_Zealand.html,307,40,political_science#Pol
wiki\Chief_Justice_of_New_Zealand.html,307,96,"political science"">Ot"
wiki\Christine_Gardner.html,6,847,an social sciences wr
wiki\Christine_Gardner.html,6,1305,"i"",""Women science wri"
wiki\Christine_Gardner.html,89,809,"y_(social_science)"" t"
wiki\Christine_Gardner.html,89,843,"y (social science)"">i"
wiki\Christine_Gardner.html,159,1498,ocial_sciences_writer
wiki\Christine_Gardner.html,159,1548,ocial sciences writer
wiki\Christine_Gardner.html,159,1582,ocial sciences writer
wiki\Christine_Gardner.html,159,3660,Women_science_writers
wiki\Christine_Gardner.html,159,3699,Women science writers
wiki\Christine_Gardner.html,159,3722,Women science writers
wiki\Church_of_the_SubGenius.html,154,149, American science fic
wiki\Church_of_the_SubGenius.html,281,106,ubGenius: Science Fic
wiki\Church_of_the_SubGenius.html,281,703,Genius%3A+Science+Fic
wiki\City_of_Mandaluyong_Science_High_School.html,4,27,ndaluyong Science Hig
wiki\City_of_Mandaluyong_Science_High_School.html,6,184,ndaluyong_Science_Hig
wiki\City_of_Mandaluyong_Science_High_School.html,6,236,ndaluyong Science Hig
wiki\City_of_Mandaluyong_Science_High_School.html,6,774,"ameters"",""Science hig"
wiki\City_of_Mandaluyong_Science_High_School.html,6,816,"ippines"",""Science hig"
wiki\City_of_Mandaluyong_Science_High_School.html,6,1328,ndaluyong_Science_Hig
wiki\City_of_Mandaluyong_Science_High_School.html,16,102,ndaluyong_Science_Hig
wiki\City_of_Mandaluyong_Science_High_School.html,17,105,ndaluyong_Science_Hig
wiki\City_of_Mandaluyong_Science_High_School.html,18,116,ndaluyong_Science_Hig
wiki\City_of_Mandaluyong_Science_High_School.html,19,85,ndaluyong_Science_Hig
wiki\City_of_Mandaluyong_Science_High_School.html,25,78,ndaluyong_Science_Hig
wiki\City_of_Mandaluyong_Science_High_School.html,29,98,ndaluyong_Science_Hig
wiki\City_of_Mandaluyong_Science_High_School.html,29,147,ndaluyong_Science_Hig
wiki\City_of_Mandaluyong_Science_High_School.html,37,76,luyong Science High S
wiki\City_of_Mandaluyong_Science_High_School.html,50,237,ndaluyong_Science_Hig
wiki\City_of_Mandaluyong_Science_High_School.html,50,367,ndaluyong_Science_Hig
wiki\City_of_Mandaluyong_Science_High_School.html,50,420,ndaluyong Science Hig
wiki\City_of_Mandaluyong_Science_High_School.html,57,324,ndaluyong_Science_Hig
wiki\City_of_Mandaluyong_Science_High_School.html,75,136,ndaluyong Science Hig
wiki\City_of_Mandaluyong_Science_High_School.html,78,82,ndaluyong_Science_Hig
wiki\City_of_Mandaluyong_Science_High_School.html,78,153,ndaluyong Science Hig
wiki\City_of_Mandaluyong_Science_High_School.html,78,209,ndaluyong Science Hig
wiki\City_of_Mandaluyong_Science_High_School.html,78,307,ndaluyong_Science_Hig
wiki\City_of_Mandaluyong_Science_High_School.html,78,362,ndaluyong_Science_Hig
wiki\City_of_Mandaluyong_Science_High_School.html,78,492,ndaluyong_Science_Hig
wiki\City_of_Mandaluyong_Science_High_School.html,78,547,ndaluyong_Science_Hig
wiki\City_of_Mandaluyong_Science_High_School.html,78,643,ndaluyong_Science_Hig
wiki\City_of_Mandaluyong_Science_High_School.html,88,135,ndaluyong Science Hig
wiki\City_of_Mandaluyong_Science_High_School.html,88,213,ndaluyong Science Hig
wiki\City_of_Mandaluyong_Science_High_School.html,90,94,ndaluyong Science Hig
wiki\City_of_Mandaluyong_Science_High_School.html,90,227,ndaluyong Science Hig
wiki\City_of_Mandaluyong_Science_High_School.html,91,166,ndaluyong Science Hig
wiki\City_of_Mandaluyong_Science_High_School.html,106,144,ndaluyong_Science_Hig
wiki\City_of_Mandaluyong_Science_High_School.html,106,1009,ndaluyong_Science_Hig
wiki\City_of_Mandaluyong_Science_High_School.html,113,159,ering_and_Science_Edu
wiki\City_of_Mandaluyong_Science_High_School.html,113,185,n_Program#Science.2C_
wiki\City_of_Mandaluyong_Science_High_School.html,113,292,ering and Science Edu
wiki\City_of_Mandaluyong_Science_High_School.html,113,327,""">Special Science</a>"
wiki\City_of_Mandaluyong_Science_High_School.html,155,3,<i>Science Gaz
wiki\City_of_Mandaluyong_Science_High_School.html,158,30,ndaluyong Science Hig
wiki\City_of_Mandaluyong_Science_High_School.html,158,199, a public science <a 
wiki\City_of_Mandaluyong_Science_High_School.html,175,179,ndaluyong_Science_Hig
wiki\City_of_Mandaluyong_Science_High_School.html,176,27,ndaluyong Science Hig
wiki\City_of_Mandaluyong_Science_High_School.html,176,851,rvisor in science and
wiki\City_of_Mandaluyong_Science_High_School.html,177,88,e Special Science and
wiki\City_of_Mandaluyong_Science_High_School.html,179,256,ng that a science hig
wiki\City_of_Mandaluyong_Science_High_School.html,183,179,ndaluyong_Science_Hig
wiki\City_of_Mandaluyong_Science_High_School.html,189,384,ndaluyong_Science_Hig
wiki\City_of_Mandaluyong_Science_High_School.html,192,235,ndaluyong_Science_Hig
wiki\City_of_Mandaluyong_Science_High_School.html,203,185,ndaluyong_Science_Hig
wiki\City_of_Mandaluyong_Science_High_School.html,206,536,ndaluyong+Science+Hig
wiki\City_of_Mandaluyong_Science_High_School.html,209,60,"dby=""20px_Science_hig"
wiki\City_of_Mandaluyong_Science_High_School.html,215,55,hilippine_Science_Hig
wiki\City_of_Mandaluyong_Science_High_School.html,215,104,hilippine Science Hig
wiki\City_of_Mandaluyong_Science_High_School.html,216,60,hilippine_Science_Hig
wiki\City_of_Mandaluyong_Science_High_School.html,216,114,hilippine Science Hig
wiki\City_of_Mandaluyong_Science_High_School.html,217,108,hilippine_Science_Hig
wiki\City_of_Mandaluyong_Science_High_School.html,220,14," id=""20px_Science_hig"
wiki\City_of_Mandaluyong_Science_High_School.html,220,645,"8"" /></a> Science hig"
wiki\City_of_Mandaluyong_Science_High_School.html,227,63,hilippine_Science_Hig
wiki\City_of_Mandaluyong_Science_High_School.html,227,109,hilippine Science Hig
wiki\City_of_Mandaluyong_Science_High_School.html,227,148,hilippine Science<br 
wiki\City_of_Mandaluyong_Science_High_School.html,232,30,hilippine_Science_Hig
wiki\City_of_Mandaluyong_Science_High_School.html,232,81,hilippine Science Hig
wiki\City_of_Mandaluyong_Science_High_School.html,233,30,hilippine_Science_Hig
wiki\City_of_Mandaluyong_Science_High_School.html,233,90,hilippine Science Hig
wiki\City_of_Mandaluyong_Science_High_School.html,234,30,hilippine_Science_Hig
wiki\City_of_Mandaluyong_Science_High_School.html,234,91,hilippine Science Hig
wiki\City_of_Mandaluyong_Science_High_School.html,235,30,hilippine_Science_Hig
wiki\City_of_Mandaluyong_Science_High_School.html,235,109,hilippine Science Hig
wiki\City_of_Mandaluyong_Science_High_School.html,236,30,hilippine_Science_Hig
wiki\City_of_Mandaluyong_Science_High_School.html,236,90,hilippine Science Hig
wiki\City_of_Mandaluyong_Science_High_School.html,237,30,hilippine_Science_Hig
wiki\City_of_Mandaluyong_Science_High_School.html,237,94,hilippine Science Hig
wiki\City_of_Mandaluyong_Science_High_School.html,238,30,hilippine_Science_Hig
wiki\City_of_Mandaluyong_Science_High_School.html,238,89,hilippine Science Hig
wiki\City_of_Mandaluyong_Science_High_School.html,239,30,hilippine_Science_Hig
wiki\City_of_Mandaluyong_Science_High_School.html,239,92,hilippine Science Hig
wiki\City_of_Mandaluyong_Science_High_School.html,240,30,hilippine_Science_Hig
wiki\City_of_Mandaluyong_Science_High_School.html,240,92,hilippine Science Hig
wiki\City_of_Mandaluyong_Science_High_School.html,241,30,hilippine_Science_Hig
wiki\City_of_Mandaluyong_Science_High_School.html,241,92,hilippine Science Hig
wiki\City_of_Mandaluyong_Science_High_School.html,242,30,hilippine_Science_Hig
wiki\City_of_Mandaluyong_Science_High_School.html,242,93,hilippine Science Hig
wiki\City_of_Mandaluyong_Science_High_School.html,243,30,hilippine_Science_Hig
wiki\City_of_Mandaluyong_Science_High_School.html,243,94,hilippine Science Hig
wiki\City_of_Mandaluyong_Science_High_School.html,244,30,hilippine_Science_Hig
wiki\City_of_Mandaluyong_Science_High_School.html,244,96,hilippine Science Hig
wiki\City_of_Mandaluyong_Science_High_School.html,245,30,hilippine_Science_Hig
wiki\City_of_Mandaluyong_Science_High_School.html,245,90,hilippine Science Hig
wiki\City_of_Mandaluyong_Science_High_School.html,254,61,/Regional_Science_Hig
wiki\City_of_Mandaluyong_Science_High_School.html,254,104,"""Regional Science Hig"
wiki\City_of_Mandaluyong_Science_High_School.html,254,140,>Regional Science<br 
wiki\City_of_Mandaluyong_Science_High_School.html,260,28,/Regional_Science_Hig
wiki\City_of_Mandaluyong_Science_High_School.html,260,78,"""Regional Science Hig"
wiki\City_of_Mandaluyong_Science_High_School.html,261,28,/Regional_Science_Hig
wiki\City_of_Mandaluyong_Science_High_School.html,261,78,"""Regional Science Hig"
wiki\City_of_Mandaluyong_Science_High_School.html,262,39,_Regional_Science_Hig
wiki\City_of_Mandaluyong_Science_High_School.html,262,87, Regional Science Hig
wiki\City_of_Mandaluyong_Science_High_School.html,263,28,/Regional_Science_Hig
wiki\City_of_Mandaluyong_Science_High_School.html,263,69,"""Regional Science Hig"
wiki\City_of_Mandaluyong_Science_High_School.html,264,35,_National_Science_Hig
wiki\City_of_Mandaluyong_Science_High_School.html,264,79, National Science Hig
wiki\City_of_Mandaluyong_Science_High_School.html,265,37,_Regional_Science_Hig
wiki\City_of_Mandaluyong_Science_High_School.html,265,83, Regional Science Hig
wiki\City_of_Mandaluyong_Science_High_School.html,266,34,_Regional_Science_Hig
wiki\City_of_Mandaluyong_Science_High_School.html,266,77, Regional Science Hig
wiki\City_of_Mandaluyong_Science_High_School.html,267,31,ezon_City_Science_Hig
wiki\City_of_Mandaluyong_Science_High_School.html,267,71,ezon City Science Hig
wiki\City_of_Mandaluyong_Science_High_School.html,269,28,/Regional_Science_Hig
wiki\City_of_Mandaluyong_Science_High_School.html,269,79,"""Regional Science Hig"
wiki\City_of_Mandaluyong_Science_High_School.html,270,29,Dumaguete_Science_Hig
wiki\City_of_Mandaluyong_Science_High_School.html,270,67,Dumaguete Science Hig
wiki\City_of_Mandaluyong_Science_High_School.html,271,44,_Regional_Science_Hig
wiki\City_of_Mandaluyong_Science_High_School.html,271,97, Regional Science Hig
wiki\City_of_Mandaluyong_Science_High_School.html,273,28,/Regional_Science_Hig
wiki\City_of_Mandaluyong_Science_High_School.html,273,79,"""Regional Science Hig"
wiki\City_of_Mandaluyong_Science_High_School.html,274,33,_Regional_Science_Hig
wiki\City_of_Mandaluyong_Science_High_School.html,274,79, Regional Science Hig
wiki\City_of_Mandaluyong_Science_High_School.html,275,43,_Regional_Science_Hig
wiki\City_of_Mandaluyong_Science_High_School.html,275,95, Regional Science Hig
wiki\City_of_Mandaluyong_Science_High_School.html,276,35,_National_Science_Hig
wiki\City_of_Mandaluyong_Science_High_School.html,276,79, National Science Hig
wiki\City_of_Mandaluyong_Science_High_School.html,277,35,_Regional_Science_Hig
wiki\City_of_Mandaluyong_Science_High_School.html,277,79, Regional Science Hig
wiki\City_of_Mandaluyong_Science_High_School.html,278,33,_Regional_Science_Hig
wiki\City_of_Mandaluyong_Science_High_School.html,278,75, Regional Science Hig
wiki\City_of_Mandaluyong_Science_High_School.html,287,68,ering_and_Science_Edu
wiki\City_of_Mandaluyong_Science_High_School.html,287,118,ering and Science Edu
wiki\City_of_Mandaluyong_Science_High_School.html,287,161,ering and Science<br 
wiki\City_of_Mandaluyong_Science_High_School.html,292,15,CR Public Science Hig
wiki\City_of_Mandaluyong_Science_High_School.html,293,33,ocan_City_Science_Hig
wiki\City_of_Mandaluyong_Science_High_School.html,293,75,ocan City Science Hig
wiki\City_of_Mandaluyong_Science_High_School.html,294,48,_National_Science_Hig
wiki\City_of_Mandaluyong_Science_High_School.html,294,100, National Science Hig
wiki\City_of_Mandaluyong_Science_High_School.html,295,26,ki/Makati_Science_Hig
wiki\City_of_Mandaluyong_Science_High_School.html,295,61,"e=""Makati Science Hig"
wiki\City_of_Mandaluyong_Science_High_School.html,297,32,a_Soliman_Science_and
wiki\City_of_Mandaluyong_Science_High_School.html,297,88,a Soliman Science and
wiki\City_of_Mandaluyong_Science_High_School.html,298,26,ki/Manila_Science_Hig
wiki\City_of_Mandaluyong_Science_High_School.html,298,61,"e=""Manila Science Hig"
wiki\City_of_Mandaluyong_Science_High_School.html,298,90,""">Manila (Science)</a"
wiki\City_of_Mandaluyong_Science_High_School.html,299,28,/Marikina_Science_Hig
wiki\City_of_Mandaluyong_Science_High_School.html,299,65,"""Marikina Science Hig"
wiki\City_of_Mandaluyong_Science_High_School.html,300,30,untinlupa_Science_Hig
wiki\City_of_Mandaluyong_Science_High_School.html,300,69,untinlupa Science Hig
wiki\City_of_Mandaluyong_Science_High_School.html,301,34,C3%B1aque_Science_Hig
wiki\City_of_Mandaluyong_Science_High_School.html,301,72,Parañaque Science Hig
wiki\City_of_Mandaluyong_Science_High_School.html,302,43,asay_City_Science_Hig
wiki\City_of_Mandaluyong_Science_High_School.html,302,124,asay City Science Hig
wiki\City_of_Mandaluyong_Science_High_School.html,303,30,asig_City_Science_Hig
wiki\City_of_Mandaluyong_Science_High_School.html,303,69,asig City Science Hig
wiki\City_of_Mandaluyong_Science_High_School.html,304,43,Roces_Sr._Science-Tec
wiki\City_of_Mandaluyong_Science_High_School.html,304,106,Roces Sr. Science-Tec
wiki\City_of_Mandaluyong_Science_High_School.html,305,31,ezon_City_Science_Hig
wiki\City_of_Mandaluyong_Science_High_School.html,305,71,ezon City Science Hig
wiki\City_of_Mandaluyong_Science_High_School.html,305,105,zon City (Science)</a
wiki\City_of_Mandaluyong_Science_High_School.html,306,41,_Cayetano_Science_and
wiki\City_of_Mandaluyong_Science_High_School.html,306,106, Cayetano Science and
wiki\City_of_Mandaluyong_Science_High_School.html,307,26,ki/Taguig_Science_Hig
wiki\City_of_Mandaluyong_Science_High_School.html,307,61,"e=""Taguig Science Hig"
wiki\City_of_Mandaluyong_Science_High_School.html,307,90,""">Taguig (Science)</a"
wiki\City_of_Mandaluyong_Science_High_School.html,308,61,"atics_and_Science"" ti"
wiki\City_of_Mandaluyong_Science_High_School.html,308,119,"atics and Science"">Va"
wiki\City_of_Mandaluyong_Science_High_School.html,311,22,al Public Science Hig
wiki\City_of_Mandaluyong_Science_High_School.html,312,56,_National_Science_Hig
wiki\City_of_Mandaluyong_Science_High_School.html,312,150, National Science Hig
wiki\City_of_Mandaluyong_Science_High_School.html,313,32,eles_City_Science_Hig
wiki\City_of_Mandaluyong_Science_High_School.html,313,73,eles City Science Hig
wiki\City_of_Mandaluyong_Science_High_School.html,314,35,_National_Science_Hig
wiki\City_of_Mandaluyong_Science_High_School.html,314,79, National Science Hig
wiki\City_of_Mandaluyong_Science_High_School.html,317,38,_National_Science_Hig
wiki\City_of_Mandaluyong_Science_High_School.html,317,85, National Science Hig
wiki\City_of_Mandaluyong_Science_High_School.html,318,54,_National_Science_Hig
wiki\City_of_Mandaluyong_Science_High_School.html,318,146, National Science Hig
wiki\City_of_Mandaluyong_Science_High_School.html,319,36,_National_Science_Hig
wiki\City_of_Mandaluyong_Science_High_School.html,319,81, National Science Hig
wiki\City_of_Mandaluyong_Science_High_School.html,320,39,rovincial_Science_Hig
wiki\City_of_Mandaluyong_Science_High_School.html,320,107,rovincial Science Hig
wiki\City_of_Mandaluyong_Science_High_School.html,322,48,tuan_City_Science_Hig
wiki\City_of_Mandaluyong_Science_High_School.html,322,134,tuan City Science Hig
wiki\City_of_Mandaluyong_Science_High_School.html,323,45,amba_City_Science_Hig
wiki\City_of_Mandaluyong_Science_High_School.html,323,128,amba City Science Hig
wiki\City_of_Mandaluyong_Science_High_School.html,325,38,_National_Science_Hig
wiki\City_of_Mandaluyong_Science_High_School.html,325,85, National Science Hig
wiki\City_of_Mandaluyong_Science_High_School.html,328,41,_National_Science_Hig
wiki\City_of_Mandaluyong_Science_High_School.html,328,91, National Science Hig
wiki\City_of_Mandaluyong_Science_High_School.html,329,50,rovincial_Science_Hig
wiki\City_of_Mandaluyong_Science_High_School.html,329,138,rovincial Science Hig
wiki\City_of_Mandaluyong_Science_High_School.html,330,29,Kabasalan_Science_and
wiki\City_of_Mandaluyong_Science_High_School.html,330,82,Kabasalan Science and
wiki\City_of_Mandaluyong_Science_High_School.html,332,38,_National_Science_Hig
wiki\City_of_Mandaluyong_Science_High_School.html,332,85, National Science Hig
wiki\City_of_Mandaluyong_Science_High_School.html,333,54,_National_Science_Hig
wiki\City_of_Mandaluyong_Science_High_School.html,333,146, National Science Hig
wiki\City_of_Mandaluyong_Science_High_School.html,335,37,_National_Science_Hig
wiki\City_of_Mandaluyong_Science_High_School.html,335,83, National Science Hig
wiki\City_of_Mandaluyong_Science_High_School.html,336,31,nglanilla_Science_Hig
wiki\City_of_Mandaluyong_Science_High_School.html,336,71,nglanilla Science Hig
wiki\City_of_Mandaluyong_Science_High_School.html,337,38,ccidental_Science_and
wiki\City_of_Mandaluyong_Science_High_School.html,337,100,ccidental Science and
wiki\City_of_Mandaluyong_Science_High_School.html,338,50,niversity_Science_Hig
wiki\City_of_Mandaluyong_Science_High_School.html,338,109,niversity Science Hig
wiki\City_of_Mandaluyong_Science_High_School.html,339,29,Naga_City_Science_Hig
wiki\City_of_Mandaluyong_Science_High_School.html,339,67,Naga City Science Hig
wiki\City_of_Mandaluyong_Science_High_School.html,341,46,_National_Science_Hig
wiki\City_of_Mandaluyong_Science_High_School.html,341,101, National Science Hig
wiki\City_of_Mandaluyong_Science_High_School.html,342,85,3_Special_Science_Cur
wiki\City_of_Mandaluyong_Science_High_School.html,342,199,– Special Science Cur
wiki\City_of_Mandaluyong_Science_High_School.html,343,49,_National_Science_Hig
wiki\City_of_Mandaluyong_Science_High_School.html,343,107, National Science Hig
wiki\City_of_Mandaluyong_Science_High_School.html,345,34,_National_Science_Hig
wiki\City_of_Mandaluyong_Science_High_School.html,345,77, National Science Hig
wiki\City_of_Mandaluyong_Science_High_School.html,346,34,ablo_City_Science_Hig
wiki\City_of_Mandaluyong_Science_High_School.html,346,77,ablo City Science Hig
wiki\City_of_Mandaluyong_Science_High_School.html,348,30,anta_Rosa_Science_and
wiki\City_of_Mandaluyong_Science_High_School.html,348,84,anta Rosa Science and
wiki\City_of_Mandaluyong_Science_High_School.html,349,39,le=Siaton_Science_Hig
wiki\City_of_Mandaluyong_Science_High_School.html,349,116,"e=""Siaton Science Hig"
wiki\City_of_Mandaluyong_Science_High_School.html,350,39,rovincial_Science_Hig
wiki\City_of_Mandaluyong_Science_High_School.html,350,87,rovincial Science Hig
wiki\City_of_Mandaluyong_Science_High_School.html,351,42,_National_Science_Hig
wiki\City_of_Mandaluyong_Science_High_School.html,351,93, National Science Hig
wiki\City_of_Mandaluyong_Science_High_School.html,352,35,aran_City_Science_Hig
wiki\City_of_Mandaluyong_Science_High_School.html,352,79,aran City Science Hig
wiki\City_of_Mandaluyong_Science_High_School.html,354,32,isay_City_Science_Hig
wiki\City_of_Mandaluyong_Science_High_School.html,354,73,isay City Science Hig
wiki\City_of_Mandaluyong_Science_High_School.html,355,35,_National_Science_Hig
wiki\City_of_Mandaluyong_Science_High_School.html,355,79, National Science Hig
wiki\City_of_Mandaluyong_Science_High_School.html,356,26,ki/Tanjay_Science_Hig
wiki\City_of_Mandaluyong_Science_High_School.html,356,61,"e=""Tanjay Science Hig"
wiki\City_of_Mandaluyong_Science_High_School.html,357,26,ki/Toledo_Science_Hig
wiki\City_of_Mandaluyong_Science_High_School.html,357,61,"e=""Toledo Science Hig"
wiki\City_of_Mandaluyong_Science_High_School.html,359,33,_National_Science_Hig
wiki\City_of_Mandaluyong_Science_High_School.html,359,75, National Science Hig
wiki\City_of_Mandaluyong_Science_High_School.html,362,12,t>Private Science Hig
wiki\City_of_Mandaluyong_Science_High_School.html,363,28,/Batangas_Science_Sch
wiki\City_of_Mandaluyong_Science_High_School.html,363,60,"""Batangas Science Sch"
wiki\City_of_Mandaluyong_Science_High_School.html,364,57,o_College_Science_Hig
wiki\City_of_Mandaluyong_Science_High_School.html,364,152,o College Science Hig
wiki\City_of_Mandaluyong_Science_High_School.html,365,46,a_College-Science_Hig
wiki\City_of_Mandaluyong_Science_High_School.html,365,130,a College-Science Hig
wiki\City_of_Mandaluyong_Science_High_School.html,366,42,"School_of_Science"" ti"
wiki\City_of_Mandaluyong_Science_High_School.html,366,81,"School of Science"">Ma"
wiki\City_of_Mandaluyong_Science_High_School.html,367,70,ity-Union_Science_Hig
wiki\City_of_Mandaluyong_Science_High_School.html,367,178,ity-Union Science Hig
wiki\City_of_Mandaluyong_Science_High_School.html,368,29,Roosevelt_Science_Hig
wiki\City_of_Mandaluyong_Science_High_School.html,368,87,Roosevelt Science Hig
wiki\City_of_Mandaluyong_Science_High_School.html,369,36,title=SLC-Science_Hig
wiki\City_of_Mandaluyong_Science_High_School.html,369,110,"itle=""SLC-Science Hig"
wiki\City_of_Mandaluyong_Science_High_School.html,370,40,of_Baguio_Science_Hig
wiki\City_of_Mandaluyong_Science_High_School.html,370,89,of Baguio Science Hig
wiki\City_of_Mandaluyong_Science_High_School.html,413,104,ong_Science_High_Scho
wiki\City_of_Mandaluyong_Science_High_School.html,413,208,ong_Science_High_Scho
wiki\City_of_Mandaluyong_Science_High_School.html,414,216,egory:Science_high_sc
wiki\City_of_Mandaluyong_Science_High_School.html,414,273,egory:Science high sc
wiki\City_of_Mandaluyong_Science_High_School.html,414,314,"ines"">Science high sc"
wiki\City_of_Mandaluyong_Science_High_School.html,414,390,egory:Science_high_sc
wiki\City_of_Mandaluyong_Science_High_School.html,414,444,egory:Science high sc
wiki\City_of_Mandaluyong_Science_High_School.html,414,482,"nila"">Science high sc"
wiki\City_of_Mandaluyong_Science_High_School.html,424,449,ng+Science+High+Schoo
wiki\City_of_Mandaluyong_Science_High_School.html,424,679,ng+Science+High+Schoo
wiki\City_of_Mandaluyong_Science_High_School.html,430,97,"ce_High_School""  titl"
wiki\City_of_Mandaluyong_Science_High_School.html,431,79,"ce_High_School""  titl"
wiki\City_of_Mandaluyong_Science_High_School.html,449,90,"ce_High_School"" >Read"
wiki\City_of_Mandaluyong_Science_High_School.html,450,86,ce_High_School&amp;ac
wiki\City_of_Mandaluyong_Science_High_School.html,451,109,ce_High_School&amp;ac
wiki\City_of_Mandaluyong_Science_High_School.html,497,88,ong_Science_High_Scho
wiki\City_of_Mandaluyong_Science_High_School.html,497,319,ong_Science_High_Scho
wiki\City_of_Mandaluyong_Science_High_School.html,497,779,ong_Science_High_Scho
wiki\City_of_Mandaluyong_Science_High_School.html,497,959,ong_Science_High_Scho
wiki\City_of_Mandaluyong_Science_High_School.html,497,1312,ong_Science_High_Scho
wiki\City_of_Mandaluyong_Science_High_School.html,505,132,ong+Science+High+Scho
wiki\City_of_Mandaluyong_Science_High_School.html,505,312,ong+Science+High+Scho
wiki\City_of_Mandaluyong_Science_High_School.html,505,365,ong+Science+High+Scho
wiki\City_of_Mandaluyong_Science_High_School.html,505,516,ong_Science_High_Scho
wiki\City_of_Mandaluyong_Science_High_School.html,531,113,cience_High_School&am
wiki\Claire_Danes.html,110,628,"f_Applied_Science"" cl"
wiki\Claire_Danes.html,110,685,"f Applied Science"">As"
wiki\Claire_Danes.html,110,715,f Applied Science</a>
wiki\Clinton_Engineer_Works.html,643,673,"istory_of_Science"" cl"
wiki\Clinton_Engineer_Works.html,643,727,"istory of Science"">Hi"
wiki\Clinton_Engineer_Works.html,643,747,istory of Science por
wiki\Corporation_(university).html,161,775,School_of_Science_and
wiki\Corporation_(university).html,161,853,School of Science and
wiki\Corporation_(university).html,161,904,School of Science and
wiki\Cortile_del_Belvedere.html,323,41,"cademy_of_Sciences"" t"
wiki\Cortile_del_Belvedere.html,323,80,"cademy of Sciences"">A"
wiki\Cortile_del_Belvedere.html,323,101,cademy of Sciences</a
wiki\Coup_d27C3A9tat.html,506,510,Political Science</i>
wiki\Coup_d27C3A9tat.html,506,1426,Political+Science&amp
wiki\Coup_d27C3A9tat.html,509,386,and Peace Science</i>
wiki\Coup_d27C3A9tat.html,509,1302,and+Peace+Science&amp
wiki\Coup_d27C3A9tat.html,539,330,ttp://www.sciencedire
wiki\Coup_d27C3A9tat.html,539,348,irect.com/science/art
wiki\Coup_d27C3A9tat.html,539,952,%2F%2Fwww.sciencedire
wiki\Coup_d27C3A9tat.html,539,972,ect.com%2Fscience%2Fa
wiki\Crabeating_frog.html,128,423,"oological_Science"" ti"
wiki\Crabeating_frog.html,128,450,"oological Science"">Zo"
wiki\Crabeating_frog.html,128,470,oological Science</a>
wiki\Crabeating_frog.html,128,1191,oological+Science&amp
wiki\David_Jesson.html,57,46,"<a href=""#Science_edu"
wiki\David_Jesson.html,57,122,"""toctext"">Science edu"
wiki\David_Jesson.html,79,34,"line"" id=""Science_edu"
wiki\David_Jesson.html,79,53,"ducation"">Science edu"
wiki\David_Jesson.html,79,244, section: Science edu
wiki\David_Jesson.html,80,107, separate science cou
wiki\David_Jesson.html,96,258,ue-tables-science.htm
wiki\Derek_Acorah.html,107,720,Brainiac:_Science_Abu
wiki\Derek_Acorah.html,107,752,Brainiac: Science Abu
wiki\Derek_Acorah.html,107,777,Brainiac: Science Abu
wiki\De_La_Salle_University_E28093_DasmariC3B1as.html,160,82,"nication, Science and"
wiki\De_La_Salle_University_E28093_DasmariC3B1as.html,164,519,Political Science stu
wiki\De_La_Salle_University_E28093_DasmariC3B1as.html,165,144,versity's science bui
wiki\De_La_Salle_University_E28093_DasmariC3B1as.html,165,430,onders of science par
wiki\De_La_Salle_University_E28093_DasmariC3B1as.html,169,18,ollege of Science (CO
wiki\De_La_Salle_University_E28093_DasmariC3B1as.html,169,100,"iological Sciences, P"
wiki\De_La_Salle_University_E28093_DasmariC3B1as.html,169,119," Physical Sciences, C"
wiki\De_La_Salle_University_E28093_DasmariC3B1as.html,216,103,"fields of science, ed"
wiki\De_La_Salle_University_E28093_DasmariC3B1as.html,218,230,colleges: Science &am
wiki\De_La_Salle_University_E28093_DasmariC3B1as.html,482,38,le_Health_Sciences_In
wiki\De_La_Salle_University_E28093_DasmariC3B1as.html,482,84,le Health Sciences In
wiki\De_La_Salle_University_E28093_DasmariC3B1as.html,482,123,le Health Sciences In
wiki\De_La_Salle_University_E28093_DasmariC3B1as.html,641,38,le_Health_Sciences_In
wiki\De_La_Salle_University_E28093_DasmariC3B1as.html,641,84,le Health Sciences In
wiki\De_La_Salle_University_E28093_DasmariC3B1as.html,641,111,"e"">Health Sciences</a"
wiki\De_La_Salle_University_E28093_DasmariC3B1as.html,801,38,le_Health_Sciences_In
wiki\De_La_Salle_University_E28093_DasmariC3B1as.html,801,84,le Health Sciences In
wiki\De_La_Salle_University_E28093_DasmariC3B1as.html,801,123,le Health Sciences In
wiki\De_La_Salle_University_E28093_DasmariC3B1as.html,805,39,ollege_of_Science_and
wiki\De_La_Salle_University_E28093_DasmariC3B1as.html,805,90,ollege of Science and
wiki\De_La_Salle_University_E28093_DasmariC3B1as.html,805,134,ollege of Science and
wiki\Diplacus_aurantiacus.html,187,335,cademy of Sciences.</
wiki\East_Down_(Northern_Ireland_Parliament_constituency).html,233,40,political_science#Pol
wiki\East_Down_(Northern_Ireland_Parliament_constituency).html,233,96,"political science"">Ot"
wiki\Embraer_Unidade_GaviC3A3o_Peixoto_Airport.html,455,29,Brazilian_science_and
wiki\Embraer_Unidade_GaviC3A3o_Peixoto_Airport.html,455,70,Brazilian science and
wiki\Embraer_Unidade_GaviC3A3o_Peixoto_Airport.html,455,94,"chnology"">Science and"
wiki\Embraer_Unidade_GaviC3A3o_Peixoto_Airport.html,520,29,Brazilian_science_fic
wiki\Embraer_Unidade_GaviC3A3o_Peixoto_Airport.html,520,63,Brazilian science fic
wiki\Embraer_Unidade_GaviC3A3o_Peixoto_Airport.html,520,80," fiction"">Science fic"
wiki\Exploratorium_(film).html,6,644,"lms about science"",""D"
wiki\Exploratorium_(film).html,6,723,"culture"",""Science doc"
wiki\Exploratorium_(film).html,76,265,orium</a> science mus
wiki\Exploratorium_(film).html,94,26,ki/File:P_Science.png
wiki\Exploratorium_(film).html,94,133,mb/8/88/P_Science.png
wiki\Exploratorium_(film).html,94,152,ng/40px-P_Science.png
wiki\Exploratorium_(film).html,94,250,mb/8/88/P_Science.png
wiki\Exploratorium_(film).html,94,269,ng/60px-P_Science.png
wiki\Exploratorium_(film).html,94,341,mb/8/88/P_Science.png
wiki\Exploratorium_(film).html,94,360,ng/80px-P_Science.png
wiki\Exploratorium_(film).html,157,1044,"about_science"" title="
wiki\Exploratorium_(film).html,157,1093,"about science"">Docume"
wiki\Exploratorium_(film).html,157,1126,about science</a></li
wiki\Exploratorium_(film).html,157,1473,egory:Science_documen
wiki\Exploratorium_(film).html,157,1521,egory:Science documen
wiki\Exploratorium_(film).html,157,1553,"tubs"">Science documen"
wiki\Eyes_Galaxies.html,206,320,opedia of Science.</c
wiki\Eyes_Galaxies.html,206,625,opedia+of+Science&amp
wiki\Gardenbased_learning.html,85,306,"literacy"">science lit"
wiki\Gardenbased_learning.html,102,109,higher on science ach
wiki\Gardenbased_learning.html,102,333,p improve science ach
wiki\Gardenbased_learning.html,129,55,ularly in science and
wiki\Gardenbased_learning.html,137,25,e art and science of 
wiki\Gardenbased_learning.html,175,138,"ment, and science</li"
wiki\Gardenbased_learning.html,185,42, Life Lab Science Pro
wiki\Gardenbased_learning.html,185,187, Life Lab Science Pro
wiki\Gardenbased_learning.html,195,424,hing Life Science Pro
wiki\Gardenbased_learning.html,195,539,ental and Science Edu
wiki\GbiriNiragu_language.html,167,483,e for the Science of 
wiki\GbiriNiragu_language.html,167,847,e+for+the+Science+of+
wiki\Glinka_(crater).html,72,686,Planetary Science Let
wiki\Glinka_(crater).html,72,1776,Planetary+Science+Let
wiki\Henry_Horace_Williams.html,51,596,and Moral Sciences De
wiki\Hepatitis_B_virus.html,227,798,cademy of Sciences of
wiki\Hepatitis_B_virus.html,227,3497,cademy+of+Sciences+of
wiki\Igor_and_Grichka_Bogdanoff.html,6,851,""",""French science fic"
wiki\Igor_and_Grichka_Bogdanoff.html,72,436,"ef=""/wiki/Science_fic"
wiki\Igor_and_Grichka_Bogdanoff.html,72,460,"n"" title=""Science fic"
wiki\Igor_and_Grichka_Bogdanoff.html,72,477," fiction"">science fic"
wiki\Igor_and_Grichka_Bogdanoff.html,72,506,", popular science and"
wiki\Igor_and_Grichka_Bogdanoff.html,101,75,s pour la science-fic
wiki\Igor_and_Grichka_Bogdanoff.html,101,357,eature on science fic
wiki\Igor_and_Grichka_Bogdanoff.html,101,519,a regular science fic
wiki\Igor_and_Grichka_Bogdanoff.html,102,386," 2008, <i>Science X</"
wiki\Igor_and_Grichka_Bogdanoff.html,102,407,i> and <i>Science 2</
wiki\Igor_and_Grichka_Bogdanoff.html,102,556,ing in <i>Science X</
wiki\Igor_and_Grichka_Bogdanoff.html,120,77,"ef=""/wiki/Science_fic"
wiki\Igor_and_Grichka_Bogdanoff.html,120,101,"n"" title=""Science fic"
wiki\Igor_and_Grichka_Bogdanoff.html,120,118," fiction"">science fic"
wiki\Igor_and_Grichka_Bogdanoff.html,120,227,"i/Popular_science"" ti"
wiki\Igor_and_Grichka_Bogdanoff.html,120,251,"=""Popular science"">po"
wiki\Igor_and_Grichka_Bogdanoff.html,120,268,""">popular science</a>"
wiki\Igor_and_Grichka_Bogdanoff.html,122,21,s pour la science-fic
wiki\Igor_and_Grichka_Bogdanoff.html,123,15,i>L'Effet science-fic
wiki\Igor_and_Grichka_Bogdanoff.html,127,18,ieu et la science: ve
wiki\Igor_and_Grichka_Bogdanoff.html,204,364,rench_science_fiction
wiki\Igor_and_Grichka_Bogdanoff.html,204,412,rench science fiction
wiki\Igor_and_Grichka_Bogdanoff.html,204,444,rench science fiction
wiki\Imperial_amazon.html,201,418,ournal of Science</i>
wiki\Imperial_amazon.html,201,929,ournal+of+Science&amp
wiki\Jack_Graham_(pastor).html,213,1210,"chelor_of_Science"" ti"
wiki\Jack_Graham_(pastor).html,213,1238,"chelor of Science"">Ba"
wiki\Jack_Graham_(pastor).html,213,1259,chelor of Science</a>
wiki\Johann_Christoph_Hoffbauer.html,57,203,osophical sciences.</
wiki\Joint_Social_Welfare_Institute.html,72,41,Center_of_Science_and
wiki\Joint_Social_Welfare_Institute.html,72,91,Center of Science and
wiki\Joint_Social_Welfare_Institute.html,72,134,Center of Science and
wiki\Jon_Mullich.html,81,1343, Arts and Sciences' c
wiki\Jon_Mullich.html,84,928,cademy of Science Fic
wiki\Josh_West.html,85,62,"iki/Earth_Sciences"" c"
wiki\Josh_West.html,85,105,"le=""Earth Sciences"">E"
wiki\Josh_West.html,85,121,"es"">Earth Sciences</a"
wiki\Juan_Carlos_PinzC3B3n.html,165,123,ster’s of Science in 
wiki\Juan_Carlos_PinzC3B3n.html,165,577,"y, and in science and"
wiki\Jules_Verne_ATV.html,208,507,"ef=""/wiki/Science-fic"
wiki\Jules_Verne_ATV.html,208,551,"t"" title=""Science-fic"
wiki\Jules_Verne_ATV.html,208,568,"-fiction"">science-fic"
wiki\Jules_Verne_ATV.html,427,231,ww.futura-sciences.co
wiki\Jules_Verne_ATV.html,427,427,). Futura Sciences<sp
wiki\Jules_Verne_ATV.html,427,831,ww.futura-sciences.co
wiki\Jules_Verne_ATV.html,427,971,ub=Futura+Sciences&am
wiki\Jules_Verne_ATV.html,941,60,_Physical_Sciences_in
wiki\Jules_Verne_ATV.html,941,127, Physical Sciences in
wiki\Jules_Verne_ATV.html,982,29,Planetary_Science_Arc
wiki\Jules_Verne_ATV.html,982,63,Planetary Science Arc
wiki\Jules_Verne_ATV.html,982,90,Planetary Science Arc
wiki\Jules_Verne_ATV.html,1007,33," 0.75em;"">Science</di"
wiki\Jules_Verne_ATV.html,1033,43,Planetary science</di
wiki\Kelvin_R._Throop.html,43,475,nalog_Science_Fiction
wiki\Kelvin_R._Throop.html,43,495,"n_and_Science_Fact"" c"
wiki\Kelvin_R._Throop.html,43,543,nalog Science Fiction
wiki\Kelvin_R._Throop.html,43,563,"n and Science Fact"">A"
wiki\Kelvin_R._Throop.html,43,584,nalog Science Fiction
wiki\Kelvin_R._Throop.html,43,604,n and Science Fact</a
wiki\Kenny_Cordray.html,86,235, AND BLUE SCIENCE and
wiki\Kenny_Cordray.html,86,275,tled BLUE SCIENCE.</p
wiki\Kiev_Missal.html,77,693,cademy of Sciences</a
wiki\Kristiene_Gong.html,137,394,Political Science at 
wiki\Land_26_Water_Australia.html,61,111, terms of science and
wiki\Land_26_Water_Australia.html,65,137,cademy of Science's S
wiki\Land_26_Water_Australia.html,77,153,ement and science in 
wiki\Land_26_Water_Australia.html,152,58,"ation_and_Science"" ti"
wiki\Land_26_Water_Australia.html,152,113,"ation and Science"">In"
wiki\Land_26_Water_Australia.html,152,147,ation and Science</a>
wiki\Lee_Henderson_Watkins.html,100,1186,"istory of science, th"
wiki\Liberty_Central_School_District.html,106,131,enter and science lab
wiki\List_of_Carboniferous_tetrapods.html,603,160,Blackwell Science Ltd
wiki\List_of_molecular_graphics_systems.html,411,22,ional nanoscience: li
wiki\List_of_molecular_graphics_systems.html,411,36,"nce: life sciences, m"
wiki\List_of_molecular_graphics_systems.html,642,288,ochemical Sciences</i
wiki\List_of_molecular_graphics_systems.html,642,1230,ochemical+Sciences&am
wiki\List_of_molecular_graphics_systems.html,659,258,ochemical Sciences</i
wiki\List_of_molecular_graphics_systems.html,659,1131,ochemical+Sciences&am
wiki\List_of_molecular_graphics_systems.html,660,257,ochemical Sciences</i
wiki\List_of_molecular_graphics_systems.html,660,1118,ochemical+Sciences&am
wiki\List_of_molecular_graphics_systems.html,664,241,ials_Life_Science/pro
wiki\List_of_molecular_graphics_systems.html,664,567,ials_Life_Science%2Fp
wiki\List_of_people_from_Bangor_Maine.html,130,78,"irce</a>, science-fic"
wiki\List_of_people_from_Bangor_Maine.html,144,90,"ivan</a>, science fic"
wiki\List_of_people_from_Bangor_Maine.html,246,240,tters and Science at 
wiki\List_of_people_from_Bangor_Maine.html,357,339,+Women+in+Science&amp
wiki\List_of_people_from_Bangor_Maine.html,357,459, Women in Science</i>
wiki\List_of_Spaghetti_Western_films.html,4468,28,/Lists_of_science_fic
wiki\List_of_Spaghetti_Western_films.html,4468,67,"""Lists of science fic"
wiki\List_of_Spaghetti_Western_films.html,4468,90,"on films"">Science fic"
wiki\List_of_women27s_football_clubs_in_Japan.html,137,32,pon_Sport_Science_Uni
wiki\List_of_women27s_football_clubs_in_Japan.html,137,88,pon Sport Science Uni
wiki\List_of_women27s_football_clubs_in_Japan.html,137,137,pon Sport Science Uni
wiki\Louis_Vivet.html,111,463,s and the Science of 
wiki\Louis_Vivet.html,111,957,s+and+the+Science+of+
wiki\Louis_Vivet.html,117,493,s and the Science of 
wiki\Louis_Vivet.html,117,987,s+and+the+Science+of+
wiki\Lungujja.html,498,40,al_Health_Sciences_Un
wiki\Lungujja.html,498,89,al Health Sciences Un
wiki\Lungujja.html,498,131,al Health Sciences Un
wiki\Lydia_VillaKomaroff.html,80,490,ee in the sciences (1
wiki\Lydia_VillaKomaroff.html,80,615,ricans in Science (SA
wiki\Lydia_VillaKomaroff.html,122,147,ricans in Science (SA
wiki\Lydia_VillaKomaroff.html,125,940,"/Women_in_science"" ti"
wiki\Lydia_VillaKomaroff.html,125,965,"""Women in science"">wo"
wiki\Lydia_VillaKomaroff.html,125,983,>women in science</a>
wiki\Lydia_VillaKomaroff.html,135,50, Forum on Science in 
wiki\Lydia_VillaKomaroff.html,135,122,Office_of_Science_and
wiki\Lydia_VillaKomaroff.html,135,170,Office of Science and
wiki\Lydia_VillaKomaroff.html,135,211,Office of Science and
wiki\Lydia_VillaKomaroff.html,137,26,t Award - Science Clu
wiki\Lydia_VillaKomaroff.html,138,66,Museum_of_Science_and
wiki\Lydia_VillaKomaroff.html,138,133,Museum of Science and
wiki\Lydia_VillaKomaroff.html,138,173,Museum of Science and
wiki\Lydia_VillaKomaroff.html,141,50,eneurs in Science &am
wiki\Lydia_VillaKomaroff.html,145,77,Office_of_Science_and
wiki\Lydia_VillaKomaroff.html,145,125,Office of Science and
wiki\Lydia_VillaKomaroff.html,145,166,Office of Science and
wiki\Lydia_VillaKomaroff.html,146,39,"rogram in Science, Te"
wiki\Lydia_VillaKomaroff.html,151,66,/National_Science_Fou
wiki\Lydia_VillaKomaroff.html,151,102,"""National Science Fou"
wiki\Lydia_VillaKomaroff.html,151,131,>National Science Fou
wiki\Lydia_VillaKomaroff.html,154,67,/National_Science_Fou
wiki\Lydia_VillaKomaroff.html,154,103,"""National Science Fou"
wiki\Lydia_VillaKomaroff.html,154,132,>National Science Fou
wiki\Lydia_VillaKomaroff.html,154,193,tunity in Science and
wiki\Lydia_VillaKomaroff.html,155,83,"cement_of_Science"" ti"
wiki\Lydia_VillaKomaroff.html,155,143,"cement of Science"">Am"
wiki\Lydia_VillaKomaroff.html,155,196,cement of Science</a>
wiki\Lydia_VillaKomaroff.html,158,121,ricans in Science</li
wiki\Lydia_VillaKomaroff.html,164,189," Women in Science, En"
wiki\Lydia_VillaKomaroff.html,166,192,on of the Science and
wiki\Lydia_VillaKomaroff.html,167,44,etts Life Sciences Ce
wiki\Lydia_VillaKomaroff.html,171,58,"_Women_in_Science"" ti"
wiki\Lydia_VillaKomaroff.html,171,99," Women in Science"">As"
wiki\Lydia_VillaKomaroff.html,171,133, Women in Science</a>
wiki\Lydia_VillaKomaroff.html,172,77,"cement_of_Science"" ti"
wiki\Lydia_VillaKomaroff.html,172,137,"cement of Science"">Am"
wiki\Lydia_VillaKomaroff.html,172,190,cement of Science</a>
wiki\Lydia_VillaKomaroff.html,187,341,"ease"". <i>Science</i>"
wiki\Lydia_VillaKomaroff.html,187,528,10.1126%2Fscience.247
wiki\Lydia_VillaKomaroff.html,187,553,""">10.1126/science.247"
wiki\Lydia_VillaKomaroff.html,187,1221,10.1126%2Fscience.247
wiki\Lydia_VillaKomaroff.html,187,1285,ft.jtitle=Science&amp
wiki\Lydia_VillaKomaroff.html,190,329, Women of Science Sin
wiki\Lydia_VillaKomaroff.html,190,657,+Women+of+Science+Sin
wiki\Lydia_VillaKomaroff.html,191,730,w.masslifesciences.co
wiki\Lydia_VillaKomaroff.html,191,806,etts Life Sciences Ce
wiki\Lydia_VillaKomaroff.html,191,1139,w.masslifesciences.co
wiki\Lydia_VillaKomaroff.html,191,1205,etts+Life+Sciences+Ce
wiki\Macroglossum_pseudoluteata.html,102,340,axonomic eScience - S
wiki\Macroglossum_pseudoluteata.html,102,796,axonomic+eScience+-+S
wiki\Macy_conferences.html,6,560,",""Systems sciences or"
wiki\Macy_conferences.html,43,651,ty to science.<sup id
wiki\Macy_conferences.html,89,100,i>general science of 
wiki\Macy_conferences.html,89,602,"Cognitive_science"" ti"
wiki\Macy_conferences.html,89,628,"Cognitive science"">co"
wiki\Macy_conferences.html,89,647,cognitive science</a>
wiki\Macy_conferences.html,117,67,</a> from science</li
wiki\Macy_conferences.html,271,492,"ature and Science, Ne"
wiki\Macy_conferences.html,282,200,ehavioral Sciences</i
wiki\Macy_conferences.html,282,1218,ehavioral+Sciences&am
wiki\Macy_conferences.html,331,530,stems_sciences_organi
wiki\Macy_conferences.html,331,578,stems sciences organi
wiki\Macy_conferences.html,331,610,stems sciences organi
wiki\Maniitsoq_structure.html,48,476,Planetary_Science&amp
wiki\Maniitsoq_structure.html,48,557,Planetary Science (pa
wiki\Maniitsoq_structure.html,48,611,Planetary Science</a>
wiki\Maniitsoq_structure.html,79,240,Planetary Science Let
wiki\Maniitsoq_structure.html,79,968,Planetary+Science+Let
wiki\Maniitsoq_structure.html,82,394,Planetary Science</i>
wiki\Maniitsoq_structure.html,82,1272,Planetary+Science&amp
wiki\Mariana_Mazzucato.html,119,178,"istry for Science, Te"
wiki\Mariana_Mazzucato.html,168,151, and Life Sciences</i
wiki\Martha_Herbert.html,88,839,"osophy_of_science"" ti"
wiki\Martha_Herbert.html,88,869,"osophy of science"">ph"
wiki\Martha_Herbert.html,88,923,"istory_of_science"" ti"
wiki\Martha_Herbert.html,88,950,"istory of science"">hi"
wiki\Martha_Herbert.html,88,970,istory of science</a>
wiki\Martha_Herbert.html,107,224,peaks.org/science/gra
wiki\Martha_Herbert.html,107,728,aks.org%2Fscience%2Fg
wiki\Martha_Herbert.html,111,373,al/health-science/aut
wiki\Martha_Herbert.html,111,1142,%2Fhealth-science%2Fa
wiki\Master_of_Space_and_Time.html,6,499,"""American science fic"
wiki\Master_of_Space_and_Time.html,6,554,"r"",""1980s science fic"
wiki\Master_of_Space_and_Time.html,45,531,"and weird science"".<s"
wiki\Master_of_Space_and_Time.html,61,49,"ef=""/wiki/Science_fic"
wiki\Master_of_Space_and_Time.html,61,99,"t"" title=""Science fic"
wiki\Master_of_Space_and_Time.html,61,122,"on novel"">science fic"
wiki\Master_of_Space_and_Time.html,109,342,rican_science_fiction
wiki\Master_of_Space_and_Time.html,109,391,rican science fiction
wiki\Master_of_Space_and_Time.html,109,424,rican science fiction
wiki\Master_of_Space_and_Time.html,109,609,1980s_science_fiction
wiki\Master_of_Space_and_Time.html,109,660,1980s science fiction
wiki\Master_of_Space_and_Time.html,109,695,1980s science fiction
wiki\Minister_of_Foreign_Affairs_(Egypt).html,176,74,"Research,_Science_and"
wiki\Minister_of_Foreign_Affairs_(Egypt).html,176,189,"Research, Science and"
wiki\Minister_of_Foreign_Affairs_(Egypt).html,176,256,"Research, Science and"
wiki\Museum_of_John_Paul_II_Collection.html,147,60,"cademy_of_Sciences"" t"
wiki\Museum_of_John_Paul_II_Collection.html,147,118,"cademy of Sciences"">M"
wiki\Museum_of_John_Paul_II_Collection.html,147,169,cademy of Sciences</a
wiki\Museum_of_John_Paul_II_Collection.html,161,60,"cademy_of_Sciences"" c"
wiki\Museum_of_John_Paul_II_Collection.html,161,138,"cademy of Sciences"">M"
wiki\Museum_of_John_Paul_II_Collection.html,161,189,cademy of Sciences</a
wiki\Nickel(II)_hydroxide.html,300,285,"cles"". <i>Science</i>"
wiki\Nickel(II)_hydroxide.html,300,479,10.1126%2Fscience.260
wiki\Nickel(II)_hydroxide.html,300,509,""">10.1126/science.260"
wiki\Nickel(II)_hydroxide.html,300,1057,10.1126%2Fscience.260
wiki\Nickel(II)_hydroxide.html,300,1146,ft.jtitle=Science&amp
wiki\North_Coast_(RTA_Rapid_Transit_station).html,169,31,eat_Lakes_Science_Cen
wiki\North_Coast_(RTA_Rapid_Transit_station).html,169,66,eat Lakes Science Cen
wiki\North_Coast_(RTA_Rapid_Transit_station).html,169,94,eat Lakes Science Cen
wiki\Oldfield_Baby_Great_Lakes.html,151,165,i>Popular Science</i>
wiki\Oldfield_Baby_Great_Lakes.html,151,363,e=Popular+Science&amp
wiki\Olive_Dennis.html,110,76, Women in Science</i>
wiki\Olive_Dennis.html,116,195, Women in Science</i>
wiki\Paul_Maddrell.html,74,620,Spying on Science: We
wiki\Paul_Maddrell.html,79,14,Spying on Science: We
wiki\Paul_Maddrell.html,95,63,"of German Science,"" C"
wiki\Paul_Maddrell.html,110,111,Spying on Science on 
wiki\Pictogram.html,491,47,"(computer_science)"" t"
wiki\Pictogram.html,491,92,"(computer science)"">i"
wiki\Pictogram.html,491,114, computer science</a>
wiki\Pictogram.html,497,27,"i/Imaging_science"" ti"
wiki\Pictogram.html,497,51,"=""Imaging science"">Im"
wiki\Pictogram.html,497,68,""">Imaging science</a>"
wiki\Pictogram.html,499,31,"formation_science"" ti"
wiki\Pictogram.html,499,59,"formation science"">In"
wiki\Pictogram.html,499,80,formation science</a>
wiki\Piracy_on_Falcon_Lake.html,167,708,Christian Science Mon
wiki\Piracy_on_Falcon_Lake.html,167,1088,Christian+Science+Mon
wiki\Piracy_on_Falcon_Lake.html,172,500,Christian Science Mon
wiki\Piracy_on_Falcon_Lake.html,172,938,Christian+Science+Mon
wiki\Pushkar.html,263,286,<i>Social science pro
wiki\Pushkar.html,263,470,le=Social+science+pro
wiki\Rally_for_Democracy_and_Progress_(Benin).html,155,40,political_science#Pol
wiki\Rally_for_Democracy_and_Progress_(Benin).html,155,96,"political science"">Ot"
wiki\Regina_Pacis_Catholic_Secondary_School.html,188,415,"ms, three science lab"
wiki\Russian_Party_in_Estonia.html,191,40,political_science#Pol
wiki\Russian_Party_in_Estonia.html,191,96,"political science"">Ot"
wiki\SBOA_School_26_Junior_College.html,303,52,nd_Animal_Sciences_Un
wiki\SBOA_School_26_Junior_College.html,303,113,nd Animal Sciences Un
wiki\SBOA_School_26_Junior_College.html,303,167,nd Animal Sciences Un
wiki\SBOA_School_26_Junior_College.html,350,35,"gha_Arts,_Science,_Te"
wiki\SBOA_School_26_Junior_College.html,350,100,"gha Arts, Science, Te"
wiki\SBOA_School_26_Junior_College.html,350,160,"gha Arts, Science, Te"
wiki\Section_20_of_the_Canadian_Charter_of_Rights_and_Freedoms.html,190,388,Political Science</i>
wiki\Shpolskii_matrix.html,51,1193,cademy of Science s</
wiki\Shpolskii_matrix.html,63,225,"cademy of Sciences, v"
wiki\Sierra_Leone_Studies.html,71,183,al Social Science Res
wiki\Sir_Run_Run_Shaw_Hospital.html,168,61,_National_Science_Par
wiki\Sir_Run_Run_Shaw_Hospital.html,168,153, National Science Par
wiki\Sir_Run_Run_Shaw_Hospital.html,168,198,>National Science Par
wiki\Sir_Run_Run_Shaw_Hospital.html,203,42,"hematical_Sciences,_Z"
wiki\Sir_Run_Run_Shaw_Hospital.html,203,103,"hematical Sciences, Z"
wiki\Sir_Run_Run_Shaw_Hospital.html,205,55,"of_Genome_Sciences,_Z"
wiki\Sir_Run_Run_Shaw_Hospital.html,205,129,"of Genome Sciences, Z"
wiki\Sir_Run_Run_Shaw_Hospital.html,212,44,ry_Social_Science_Res
wiki\Sir_Run_Run_Shaw_Hospital.html,212,122,ry Social Science Res
wiki\Sir_Run_Run_Shaw_Hospital.html,213,39,"of_Insect_Sciences,_Z"
wiki\Sir_Run_Run_Shaw_Hospital.html,213,97,"of Insect Sciences, Z"
wiki\Sir_Run_Run_Shaw_Hospital.html,217,55,"Vegetable_Science,_Zh"
wiki\Sir_Run_Run_Shaw_Hospital.html,217,157,"Vegetable Science, Zh"
wiki\Sir_Run_Run_Shaw_Hospital.html,343,27,i/Anzhong_Science_and
wiki\Sir_Run_Run_Shaw_Hospital.html,343,81,"=""Anzhong Science and"
wiki\Slade_School_of_Fine_Art.html,124,839,"/Computer_science"" ti"
wiki\Slade_School_of_Fine_Art.html,124,864,"""Computer science"">co"
wiki\Slade_School_of_Fine_Art.html,124,882,>computer science</a>
wiki\Slade_School_of_Fine_Art.html,411,21, of Brain Sciences
wiki\Slade_School_of_Fine_Art.html,413,66,"_Language_Sciences"" t"
wiki\Slade_School_of_Fine_Art.html,413,123," Language Sciences"">D"
wiki\Slade_School_of_Fine_Art.html,413,169, Language Sciences</a
wiki\Slade_School_of_Fine_Art.html,417,46,"gineering_Sciences"" t"
wiki\Slade_School_of_Fine_Art.html,417,90,"gineering Sciences"">F"
wiki\Slade_School_of_Fine_Art.html,417,123,gineering Sciences</a
wiki\Slade_School_of_Fine_Art.html,424,39,"y_of_Life_Sciences"" t"
wiki\Slade_School_of_Fine_Art.html,424,76,"y of Life Sciences"">F"
wiki\Slade_School_of_Fine_Art.html,424,102,y of Life Sciences</a
wiki\Slade_School_of_Fine_Art.html,429,60,"_Physical_Sciences"" t"
wiki\Slade_School_of_Fine_Art.html,429,118," Physical Sciences"">F"
wiki\Slade_School_of_Fine_Art.html,429,165, Physical Sciences</a
wiki\Slade_School_of_Fine_Art.html,430,23,f Medical Sciences
wiki\Slade_School_of_Fine_Art.html,435,33,on Health Sciences</l
wiki\Slade_School_of_Fine_Art.html,436,56,"istorical_Sciences"" t"
wiki\Slade_School_of_Fine_Art.html,436,110,"istorical Sciences"">F"
wiki\Slade_School_of_Fine_Art.html,436,153,istorical Sciences</a
wiki\Slade_School_of_Fine_Art.html,442,28,"/UCL_Neuroscience"" ti"
wiki\Slade_School_of_Fine_Art.html,442,53,"""UCL Neuroscience"">Ne"
wiki\Slade_School_of_Fine_Art.html,442,67,"nce"">Neuroscience</a>"
wiki\Slade_School_of_Fine_Art.html,462,33,rtment_of_Science_and
wiki\Slade_School_of_Fine_Art.html,462,106,rtment of Science and
wiki\Slade_School_of_Fine_Art.html,462,152,rtment of Science and
wiki\Slade_School_of_Fine_Art.html,463,33,ard_Space_Science_Lab
wiki\Slade_School_of_Fine_Art.html,463,74,ard Space Science Lab
wiki\Slade_School_of_Fine_Art.html,491,110,and Crime Science</a>
wiki\Smilax_laurifolia.html,128,877,"ion, Fire Sciences La"
wiki\SotC481panna.html,1072,32,"dhism_and_science"" ti"
wiki\SotC481panna.html,1072,61,"dhism and science"">Sc"
wiki\SotC481panna.html,1072,70," science"">Science</a>"
wiki\St._Paul_University_Iloilo.html,112,16,chelor of Science in 
wiki\St._Paul_University_Iloilo.html,113,16,chelor of Science in 
wiki\St._Paul_University_Iloilo.html,124,33,chelor of Science in 
wiki\St._Paul_University_Iloilo.html,125,16,chelor of Science in 
wiki\St._Paul_University_Iloilo.html,126,16,chelor of Science in 
wiki\St._Paul_University_Iloilo.html,127,16,chelor of Science in 
wiki\St._Paul_University_Iloilo.html,130,16,chelor of Science in 
wiki\St._Paul_University_Iloilo.html,131,16,chelor of Science in 
wiki\St._Paul_University_Iloilo.html,132,16,chelor of Science in 
wiki\St._Paul_University_Iloilo.html,132,36, Computer Science</li
wiki\St._Paul_University_Iloilo.html,133,16,chelor of Science in 
wiki\St._Paul_University_Iloilo.html,135,16,chelor of Science in 
wiki\St._Paul_University_Iloilo.html,136,16,chelor of Science in 
wiki\St._Paul_University_Iloilo.html,136,58,iological Science</li
wiki\St._Paul_University_Iloilo.html,137,16,chelor of Science in 
wiki\Strawberry_foliar_nematode.html,156,464,"anagement Science, 58"
wiki\Strawberry_foliar_nematode.html,157,568,"ronmental Sciences,: "
wiki\Strawberry_foliar_nematode.html,161,431,"icultural Sciences, U"
wiki\SumbaE28093Flores_languages.html,121,475,e for the Science of 
wiki\SumbaE28093Flores_languages.html,121,834,e+for+the+Science+of+
wiki\SumbaE28093Flores_languages.html,122,490,e for the Science of 
wiki\SumbaE28093Flores_languages.html,122,866,e+for+the+Science+of+
wiki\Supermoon.html,6,664,"s"",""Lunar science"",""M"
wiki\Supermoon.html,125,287,014/09/09/science/rev
wiki\Supermoon.html,125,798,09%2F09%2Fscience%2Fr
wiki\Supermoon.html,133,223,.com/news/science-env
wiki\Supermoon.html,133,761,%2Fnews%2Fscience-env
wiki\Supermoon.html,137,322,48/http://science.nas
wiki\Supermoon.html,137,339,.nasa.gov/science-new
wiki\Supermoon.html,137,352,ence-news/science-at-
wiki\Supermoon.html,137,417,"""</a>. <i>Science@NAS"
wiki\Supermoon.html,137,522,"f=""http://science.nas"
wiki\Supermoon.html,137,539,.nasa.gov/science-new
wiki\Supermoon.html,137,552,ence-news/science-at-
wiki\Supermoon.html,137,963,p%3A%2F%2Fscience.nas
wiki\Supermoon.html,137,982,asa.gov%2Fscience-new
wiki\Supermoon.html,137,997,ce-news%2Fscience-at-
wiki\Supermoon.html,137,1056,ft.jtitle=Science%40N
wiki\Supermoon.html,140,247,"f=""http://science.nas"
wiki\Supermoon.html,140,264,.nasa.gov/science-new
wiki\Supermoon.html,140,277,ence-news/science-at-
wiki\Supermoon.html,140,363,. <i>NASA Science New
wiki\Supermoon.html,140,760,p%3A%2F%2Fscience.nas
wiki\Supermoon.html,140,779,asa.gov%2Fscience-new
wiki\Supermoon.html,140,794,ce-news%2Fscience-at-
wiki\Supermoon.html,140,858,itle=NASA+Science+New
wiki\Supermoon.html,149,225,ail.co.uk/sciencetech
wiki\Supermoon.html,149,852,l.co.uk%2Fsciencetech
wiki\Supermoon.html,151,249,o.uk/news/science/sup
wiki\Supermoon.html,151,854,%2Fnews%2Fscience%2Fs
wiki\Supermoon.html,278,65," center;"">Science</th"
wiki\Supermoon.html,398,437,"tal:Earth_sciences"" t"
wiki\Supermoon.html,398,467,"tal:Earth sciences"">E"
wiki\Supermoon.html,398,483,"es"">Earth sciences po"
wiki\Supermoon.html,443,420,"Lunar_science"" title="
wiki\Supermoon.html,443,451,"Lunar science"">Lunar "
wiki\Supermoon.html,443,466,Lunar science</a></li
wiki\Suwannee_River_Junior_College.html,45,132,cretarial Science. En
wiki\Syngenor.html,6,469,"s"",""1990s science fic"
wiki\Syngenor.html,6,509,"""American science fic"
wiki\Syngenor.html,6,540,"r films"",""Science fic"
wiki\Syngenor.html,119,176,"ef=""/wiki/Science_fic"
wiki\Syngenor.html,119,205,"m"" title=""Science fic"
wiki\Syngenor.html,119,227,"ion film"">science fic"
wiki\Syngenor.html,160,28,e about a science-fic
wiki\Syngenor.html,208,540,1990s_science_fiction
wiki\Syngenor.html,208,592,1990s science fiction
wiki\Syngenor.html,208,628,1990s science fiction
wiki\Syngenor.html,208,702,rican_science_fiction
wiki\Syngenor.html,208,757,rican science fiction
wiki\Syngenor.html,208,796,rican science fiction
wiki\Syngenor.html,208,861,egory:Science_fiction
wiki\Syngenor.html,208,912,egory:Science fiction
wiki\Syngenor.html,208,947,"tubs"">Science fiction"
wiki\Table_Point_Formation.html,68,907,"tal:Earth_sciences"" t"
wiki\Table_Point_Formation.html,68,937,"tal:Earth sciences"">E"
wiki\Table_Point_Formation.html,68,953,"es"">Earth sciences po"
wiki\The_Audacity_to_Podcast.html,234,39,"(computer_science)"" t"
wiki\The_Audacity_to_Podcast.html,234,76,"(computer science)"">R"
wiki\The_Land_of_the_Dead.html,97,319,"ef=""/wiki/Science_fic"
wiki\The_Land_of_the_Dead.html,97,357,"n"" title=""Science fic"
wiki\The_Land_of_the_Dead.html,97,388,"levision"">science fic"
wiki\Thomas_Croci.html,88,504,"chelor_of_Science"" ti"
wiki\Thomas_Croci.html,88,532,"chelor of Science"">Ba"
wiki\Thomas_Croci.html,88,553,chelor of Science</a>
wiki\Thomas_Croci.html,88,585,Political Science. Af
wiki\Tropical_sprue.html,172,305,"prue"". <i>Science</i>"
wiki\Tropical_sprue.html,172,496,10.1126%2Fscience.104
wiki\Tropical_sprue.html,172,525,""">10.1126/science.104"
wiki\Tropical_sprue.html,172,1107,10.1126%2Fscience.104
wiki\Tropical_sprue.html,172,1195,ft.jtitle=Science&amp
wiki\Tubular_Bells_II.html,172,373,rences to science-fic
wiki\Urban_chicken.html,105,256,lth &amp; Science Uni
wiki\Uruguayan_constitutional_referendum_2014.html,212,40,political_science#Pol
wiki\Uruguayan_constitutional_referendum_2014.html,212,96,"political science"">Ot"
wiki\Valentin_Yanin.html,6,840,"cademy of Sciences"","""
wiki\Valentin_Yanin.html,6,890,"cademy of Sciences"","""
wiki\Valentin_Yanin.html,66,90,"cademy_of_Sciences"" c"
wiki\Valentin_Yanin.html,66,145,"cademy of Sciences"">S"
wiki\Valentin_Yanin.html,66,173,cademy of Sciences</a
wiki\Valentin_Yanin.html,144,1440,"my_of_Sciences"" title"
wiki\Valentin_Yanin.html,144,1502,"my of Sciences"">Full "
wiki\Valentin_Yanin.html,144,1548,my of Sciences</a></l
wiki\Valentin_Yanin.html,144,1632,"my_of_Sciences"" title"
wiki\Valentin_Yanin.html,144,1697,"my of Sciences"">Full "
wiki\Valentin_Yanin.html,144,1746,my of Sciences</a></l
wiki\Venezuelan_referendum_1957.html,169,40,political_science#Pol
wiki\Venezuelan_referendum_1957.html,169,96,"political science"">Ot"
wiki\Victor_S._Mamatey.html,48,682,"_Arts_and_Sciences"" t"
wiki\Victor_S._Mamatey.html,48,728," Arts and Sciences"">F"
wiki\Victor_S._Mamatey.html,48,767, Arts and Sciences</a
wiki\Vitaly_Bianki.html,89,327,"cademy_of_Sciences"" t"
wiki\Vitaly_Bianki.html,89,363,"cademy of Sciences"">R"
wiki\Vitaly_Bianki.html,89,392,cademy of Sciences</a
wiki\Vitaly_Bianki.html,89,584,e Natural Science Dep
wiki\Westchester_Los_Angeles.html,81,300,_Enriched_Sciences_Ma
wiki\Westchester_Los_Angeles.html,81,373, Enriched Sciences Ma
wiki\Westchester_Los_Angeles.html,81,419, Enriched Sciences Ma
wiki\Westchester_Los_Angeles.html,214,145, Enriched Sciences Ma
wiki\Westchester_Los_Angeles.html,296,266, Enriched Sciences Ma
wiki\Westchester_Los_Angeles.html,296,576,+Enriched+Sciences+Ma
wiki\Westchester_Los_Angeles.html,357,40,_Enriched_Sciences_Ma
wiki\Westchester_Los_Angeles.html,357,86, Enriched Sciences Ma
wiki\Westchester_Los_Angeles.html,357,125, Enriched Sciences Ma
wiki\Wilbraham_26_Monson_Academy.html,148,273,"ronmental Science, Ad"
wiki\Wilhelm_Wagenfeld_House.html,228,29,Universum_Science_Cen
wiki\Wilhelm_Wagenfeld_House.html,228,62,Universum Science Cen
wiki\Wilhelm_Wagenfeld_House.html,228,88,Universum Science Cen
wiki\Wilhelm_Wagenfeld_House.html,239,37,"ox-group"">Science and"
wiki\William_Harvey_Lillard.html,80,166,"0) <i>The Science, Ar"
wiki\Wolfgang_Lutz.html,6,565,"cademy of Sciences""],"
wiki\Wolfgang_Lutz.html,83,1033,"cademy_of_Sciences"" t"
wiki\Wolfgang_Lutz.html,83,1070,"cademy of Sciences"">A"
wiki\Wolfgang_Lutz.html,83,1100,cademy of Sciences</a
wiki\Wolfgang_Lutz.html,85,764,"ef=""/wiki/Science_(Jo"
wiki\Wolfgang_Lutz.html,85,810,"t"" title=""Science (Jo"
wiki\Wolfgang_Lutz.html,85,832,"rnal)""><i>Science</i>"
wiki\Wolfgang_Lutz.html,85,1785,"cademy_of_Sciences"" t"
wiki\Wolfgang_Lutz.html,85,1822,"cademy of Sciences"">N"
wiki\Wolfgang_Lutz.html,85,1852,cademy of Sciences</a
wiki\Wolfgang_Lutz.html,94,139,ttp://www.sciencemag.
wiki\Wolfgang_Lutz.html,94,242,"ef=""/wiki/Science_(jo"
wiki\Wolfgang_Lutz.html,94,268,")"" title=""Science (jo"
wiki\Wolfgang_Lutz.html,94,287,"journal)"">Science</a>"
wiki\Wolfgang_Lutz.html,94,487,10.1126%2Fscience.108
wiki\Wolfgang_Lutz.html,94,512,""">10.1126/science.108"
wiki\Wolfgang_Lutz.html,94,1026,%2F%2Fwww.sciencemag.
wiki\Wolfgang_Lutz.html,94,1105,10.1126%2Fscience.108
wiki\Wolfgang_Lutz.html,94,1189,ft.jtitle=Science&amp
wiki\Wolfgang_Lutz.html,96,139,ttp://www.sciencemag.
wiki\Wolfgang_Lutz.html,96,245,"ef=""/wiki/Science_(jo"
wiki\Wolfgang_Lutz.html,96,271,")"" title=""Science (jo"
wiki\Wolfgang_Lutz.html,96,290,"journal)"">Science</a>"
wiki\Wolfgang_Lutz.html,96,484,10.1126%2Fscience.112
wiki\Wolfgang_Lutz.html,96,509,""">10.1126/science.112"
wiki\Wolfgang_Lutz.html,96,829,%2F%2Fwww.sciencemag.
wiki\Wolfgang_Lutz.html,96,907,10.1126%2Fscience.112
wiki\Wolfgang_Lutz.html,96,957,ft.jtitle=Science&amp
wiki\Wolfgang_Lutz.html,98,138,ttp://www.sciencemag.
wiki\Wolfgang_Lutz.html,98,263,"ef=""/wiki/Science_(jo"
wiki\Wolfgang_Lutz.html,98,289,")"" title=""Science (jo"
wiki\Wolfgang_Lutz.html,98,308,"journal)"">Science</a>"
wiki\Wolfgang_Lutz.html,98,508,10.1126%2Fscience.115
wiki\Wolfgang_Lutz.html,98,533,""">10.1126/science.115"
wiki\Wolfgang_Lutz.html,98,870,%2F%2Fwww.sciencemag.
wiki\Wolfgang_Lutz.html,98,949,10.1126%2Fscience.115
wiki\Wolfgang_Lutz.html,98,999,ft.jtitle=Science&amp
wiki\Wolfgang_Lutz.html,99,348,"iological_Sciences"" c"
wiki\Wolfgang_Lutz.html,99,447,"iological Sciences"">P"
wiki\Wolfgang_Lutz.html,99,519,iological Sciences</a
wiki\Wolfgang_Lutz.html,99,1275,iological+Sciences&am
wiki\Wolfgang_Lutz.html,100,363,"iological_Sciences"" c"
wiki\Wolfgang_Lutz.html,100,462,"iological Sciences"">P"
wiki\Wolfgang_Lutz.html,100,534,iological Sciences</a
wiki\Wolfgang_Lutz.html,100,1317,iological+Sciences&am
wiki\Wolfgang_Lutz.html,102,117,ttp://www.sciencemag.
wiki\Wolfgang_Lutz.html,102,239,"ef=""/wiki/Science_(jo"
wiki\Wolfgang_Lutz.html,102,265,")"" title=""Science (jo"
wiki\Wolfgang_Lutz.html,102,284,"journal)"">Science</a>"
wiki\Wolfgang_Lutz.html,102,482,10.1126%2Fscience.120
wiki\Wolfgang_Lutz.html,102,507,""">10.1126/science.120"
wiki\Wolfgang_Lutz.html,102,811,%2F%2Fwww.sciencemag.
wiki\Wolfgang_Lutz.html,102,889,10.1126%2Fscience.120
wiki\Wolfgang_Lutz.html,102,939,ft.jtitle=Science&amp
wiki\Wolfgang_Lutz.html,106,139,ttp://www.sciencemag.
wiki\Wolfgang_Lutz.html,106,260,"ef=""/wiki/Science_(jo"
wiki\Wolfgang_Lutz.html,106,286,")"" title=""Science (jo"
wiki\Wolfgang_Lutz.html,106,305,"journal)"">Science</a>"
wiki\Wolfgang_Lutz.html,106,505,10.1126%2Fscience.125
wiki\Wolfgang_Lutz.html,106,530,""">10.1126/science.125"
wiki\Wolfgang_Lutz.html,106,1059,%2F%2Fwww.sciencemag.
wiki\Wolfgang_Lutz.html,106,1135,10.1126%2Fscience.125
wiki\Wolfgang_Lutz.html,106,1219,ft.jtitle=Science&amp
wiki\Wolfgang_Lutz.html,118,295,cademy of Sciences Me
wiki\Wolfgang_Lutz.html,118,386,"cademy of Sciences, <"
wiki\Wolfgang_Lutz.html,118,431,"cademy_of_Sciences"" t"
wiki\Wolfgang_Lutz.html,118,468,"cademy of Sciences"">N"
wiki\Wolfgang_Lutz.html,118,498,cademy of Sciences</a
wiki\Wolfgang_Lutz.html,118,747,cademy+of+Sciences+Me
wiki\Wolfgang_Lutz.html,118,972,cademy+of+Sciences&am
wiki\Wolfgang_Lutz.html,166,868,"my_of_Sciences"" title"
wiki\Wolfgang_Lutz.html,166,943,"my of Sciences"">Membe"
wiki\Wolfgang_Lutz.html,166,1002,my of Sciences</a></l
wiki\Young_Finnish_Party.html,269,40,political_science#Pol
wiki\Young_Finnish_Party.html,269,96,"political science"">Ot"
